Player,Team,Age,GP,W,L,Mins,PTS,FGM,FGA,FG%,3PM,3PA,3P%,FTM,FTA,FT%,OREB,DREB,REB,AST,TOV,STL,BLK,PF,FP,DD2,TD3,+/-
James Harden,HOU,30,61,39,22,36.7,34.4,9.9,22.7,43.5,4.4,12.6,35.2,10.1,11.8,86.1,1.0,5.3,6.4,7.4,4.5,1.7,0.9,3.4,56.4,19,4,4.1
Bradley Beal,WAS,26,57,20,37,36.0,30.5,10.4,22.9,45.5,3.0,8.4,35.3,6.8,8.0,84.2,0.9,3.3,4.2,6.1,3.4,1.2,0.4,2.2,46.3,8,0,-3.5
Giannis Antetokounmpo,MIL,25,57,48,9,30.9,29.6,10.9,20.0,54.7,1.5,4.8,30.6,6.3,10.0,63.3,2.3,11.5,13.7,5.8,3.7,1.0,1.0,3.0,57.3,52,4,11.4
Trae Young,ATL,21,60,18,42,35.3,29.6,9.1,20.8,43.7,3.4,9.5,36.1,8.0,9.3,86.0,0.5,3.7,4.3,9.3,4.8,1.1,0.1,1.7,47.6,28,2,-3.8
Damian Lillard,POR,29,58,27,31,36.9,28.9,9.2,20.0,45.7,3.9,9.9,39.4,6.7,7.6,88.8,0.5,3.8,4.3,7.8,2.9,1.0,0.4,1.7,47.0,16,1,1.2
Luka Doncic,DAL,21,54,34,20,33.3,28.7,9.5,20.6,46.1,2.9,9.1,31.8,6.8,9.1,75.2,1.3,8.0,9.3,8.7,4.2,1.1,0.2,2.5,52.5,34,14,4.8
Russell Westbrook,HOU,31,53,34,19,35.9,27.5,10.7,22.6,47.4,1.0,3.8,25.4,5.1,6.5,77.7,1.8,6.3,8.0,7.0,4.5,1.7,0.3,3.5,49.1,21,8,2.7
Kyrie Irving,BKN,28,20,8,12,32.9,27.4,10.0,20.8,47.8,2.8,7.1,39.4,4.7,5.1,92.2,1.1,4.1,5.2,6.4,2.6,1.4,0.5,2.7,46.1,3,1,-0.4
Kawhi Leonard,LAC,28,51,38,13,32.2,26.9,9.3,19.9,46.9,2.1,5.7,36.6,6.1,6.9,88.9,1.0,6.3,7.3,5.0,2.7,1.8,0.6,1.9,47.6,13,1,7.8
Anthony Davis,LAL,27,55,43,12,34.3,26.7,9.2,18.1,51.1,1.2,3.5,33.5,7.0,8.3,84.5,2.3,7.1,9.4,3.1,2.5,1.5,2.4,2.5,52.0,27,0,5.2
Karl-Anthony Towns,MIN,24,35,10,25,33.9,26.5,9.0,17.8,50.8,3.3,7.9,41.2,5.1,6.5,79.6,2.7,8.1,10.8,4.4,3.1,0.9,1.2,3.3,49.3,24,0,-0.4
Devin Booker,PHX,23,62,26,36,36.1,26.1,8.8,18.0,48.7,2.0,5.6,36.0,6.5,7.1,91.6,0.4,3.7,4.2,6.6,3.9,0.7,0.3,3.0,40.0,10,0,0.7
LeBron James,LAL,35,60,47,13,34.9,25.7,9.8,19.6,49.8,2.2,6.4,34.9,4.0,5.7,69.7,1.0,6.9,7.9,10.6,4.0,1.2,0.5,1.8,52.3,42,13,8.1
Zach LaVine,CHI,25,60,20,40,34.8,25.5,9.0,20.0,45.0,3.1,8.1,38.0,4.5,5.6,80.2,0.7,4.1,4.8,4.2,3.4,1.5,0.5,2.2,40.0,2,0,-3.2
Brandon Ingram,NOP,22,56,23,33,34.3,24.3,8.4,18.0,46.6,2.4,6.3,38.7,5.1,5.9,85.8,0.9,5.4,6.3,4.3,3.1,1.0,0.7,2.9,40.1,9,0,0.0
Donovan Mitchell,UTA,23,63,40,23,34.4,24.2,8.9,19.6,45.3,2.5,6.8,36.4,4.0,4.6,85.9,0.7,3.7,4.4,4.2,2.7,1.0,0.2,2.4,36.8,1,0,1.5
Pascal Siakam,TOR,26,53,40,13,35.5,23.6,8.7,18.9,45.9,2.2,6.0,35.9,4.2,5.2,80.0,1.1,6.5,7.5,3.6,2.5,1.0,0.9,2.8,41.4,12,0,6.8
Zion Williamson,NOP,19,19,10,9,29.7,23.6,9.1,15.4,58.9,0.3,0.7,46.2,5.2,8.0,64.5,2.9,3.9,6.8,2.2,2.7,0.8,0.5,1.7,36.2,2,0,6.3
Jayson Tatum,BOS,22,59,41,18,34.6,23.6,8.5,18.9,44.8,2.8,7.1,39.8,3.8,4.7,80.6,1.0,6.1,7.1,2.9,2.2,1.4,0.9,2.1,41.2,10,0,7.5
Joel Embiid,PHI,26,44,28,16,30.2,23.4,7.5,15.9,47.4,1.3,3.7,34.8,7.1,8.7,81.4,2.8,9.0,11.8,3.1,3.1,0.9,1.3,3.4,45.8,34,0,3.0
D'Angelo Russell,MIN,24,45,11,34,32.3,23.1,8.0,18.8,42.6,3.5,9.6,36.7,3.6,4.4,80.9,0.4,3.6,3.9,6.3,3.3,1.1,0.3,1.9,38.1,3,0,-5.6
CJ McCollum,POR,28,62,28,34,36.0,22.5,8.9,19.5,45.3,2.8,7.4,38.0,2.0,2.6,75.0,0.7,3.4,4.1,4.3,1.9,0.7,0.6,2.6,36.1,4,0,0.5
DeMar DeRozan,SAS,30,61,26,35,34.3,22.2,8.2,15.7,52.6,0.1,0.5,26.7,5.5,6.6,84.3,0.6,5.0,5.6,5.6,2.4,1.0,0.2,2.7,38.6,6,0,-2.3
Andrew Wiggins,GSW,25,54,15,39,34.4,21.8,8.1,18.1,44.7,2.1,6.2,33.2,3.5,5.0,70.9,1.2,3.9,5.1,3.7,2.4,0.8,1.0,2.4,36.3,4,1,-3.7
John Collins,ATL,22,41,15,26,33.2,21.6,8.6,14.8,58.3,1.4,3.6,40.1,2.9,3.7,80.0,2.8,7.3,10.1,1.5,1.8,0.8,1.6,3.4,41.2,22,0,-4.0
Kemba Walker,BOS,29,50,33,17,31.8,21.2,7.0,16.6,42.1,3.3,8.8,37.7,3.9,4.5,86.7,0.7,3.4,4.1,4.9,2.1,0.9,0.5,1.5,35.7,2,0,4.8
Khris Middleton,MIL,28,55,44,11,30.1,21.1,7.7,15.5,49.9,2.4,5.8,41.8,3.2,3.6,90.8,0.7,5.5,6.2,4.1,2.1,0.9,0.1,2.2,35.8,5,0,9.0
Paul George,LAC,30,42,30,12,29.1,21.0,6.9,16.0,43.2,3.2,7.9,39.9,3.9,4.5,88.2,0.5,5.2,5.7,3.9,2.7,1.3,0.5,2.4,36.4,5,0,5.0
Stephen Curry,GSW,32,5,1,4,27.9,20.8,6.6,16.4,40.2,2.4,9.8,24.5,5.2,5.2,100.0,0.8,4.4,5.2,6.6,3.2,1.0,0.4,2.2,37.9,1,0,-9.0
Collin Sexton,CLE,21,65,19,46,33.0,20.8,7.9,16.7,47.2,1.5,3.9,38.0,3.5,4.1,84.6,0.9,2.2,3.1,3.0,2.4,1.0,0.1,2.2,29.8,0,0,-6.1
Spencer Dinwiddie,BKN,27,64,30,34,31.2,20.6,6.6,16.0,41.5,1.9,6.3,30.8,5.4,7.0,77.8,0.5,3.0,3.5,6.8,2.7,0.6,0.3,2.8,35.0,9,0,0.8
De'Aaron Fox,SAC,22,45,19,26,31.7,20.4,7.3,15.4,47.5,1.0,3.4,30.7,4.8,6.8,70.3,0.7,3.4,4.0,6.8,3.1,1.4,0.5,2.9,38.1,8,0,-1.8
Jaylen Brown,BOS,23,50,33,17,34.0,20.4,7.6,15.4,49.0,2.1,5.6,38.1,3.2,4.3,73.6,1.1,5.3,6.4,2.2,2.3,1.1,0.3,3.0,33.3,6,0,3.9
Jimmy Butler,MIA,30,54,36,18,34.3,20.2,6.1,13.4,45.4,0.5,2.2,24.8,7.6,9.1,83.3,1.8,4.8,6.6,6.1,2.2,1.7,0.5,1.4,42.0,10,3,4.2
Bojan Bogdanovic,UTA,31,63,41,22,33.1,20.2,6.6,14.8,44.7,3.0,7.3,41.4,4.0,4.4,90.3,0.6,3.5,4.1,2.1,2.5,0.5,0.1,1.7,27.7,0,0,4.2
Nikola Jokic,DEN,25,65,43,22,32.3,20.2,7.9,14.9,52.8,1.1,3.5,31.4,3.4,4.1,81.3,2.4,7.8,10.2,6.9,3.1,1.2,0.7,3.1,45.2,39,12,3.8
Buddy Hield,SAC,27,64,28,36,32.0,19.8,7.1,16.6,42.9,3.8,9.7,39.5,1.8,2.0,85.5,0.9,3.9,4.8,3.1,2.3,0.9,0.3,2.3,31.4,2,0,-0.8
Kyle Lowry,TOR,34,52,36,16,36.6,19.7,5.9,14.3,41.7,2.9,8.3,35.4,4.9,5.7,86.1,0.6,4.3,4.8,7.7,3.0,1.3,0.4,3.2,39.4,14,2,4.8
Jrue Holiday,NOP,29,55,24,31,34.9,19.6,7.7,16.9,45.2,2.1,5.9,35.7,2.2,3.1,70.0,1.3,3.6,4.9,6.9,2.9,1.7,0.8,2.3,40.3,10,1,0.7
Julius Randle,NYK,25,64,21,43,32.5,19.5,7.2,15.7,46.0,1.0,3.6,27.7,4.0,5.5,73.3,2.4,7.4,9.7,3.1,3.0,0.8,0.3,2.8,36.2,30,0,-3.8
Nikola Vucevic,ORL,29,54,25,29,32.6,19.5,7.9,16.9,47.0,1.5,4.6,32.9,2.1,2.7,78.1,2.4,8.6,11.0,3.7,1.4,0.9,0.9,2.2,42.1,36,0,0.1
Tobias Harris,PHI,27,65,39,26,34.5,19.4,7.6,16.1,47.2,1.8,5.0,36.2,2.4,2.9,80.6,0.8,5.9,6.8,3.2,1.5,0.8,0.5,2.3,34.6,10,0,2.0
Shai Gilgeous-Alexander,OKC,21,63,39,24,35.1,19.3,7.0,14.8,47.3,1.2,3.5,35.1,4.0,5.0,80.1,0.7,5.4,6.1,3.3,1.9,1.1,0.7,1.7,35.2,9,1,2.3
Kristaps Porzingis,DAL,24,51,30,21,31.3,19.2,6.6,15.8,42.0,2.5,7.1,34.9,3.5,4.5,77.6,1.7,7.7,9.5,1.7,1.6,0.7,2.1,3.1,39.9,23,0,5.8
Danilo Gallinari,OKC,31,55,33,22,30.7,19.2,6.0,13.6,43.9,3.0,7.3,40.9,4.3,4.8,88.6,0.6,4.9,5.5,2.1,1.3,0.7,0.1,1.2,30.0,3,0,3.6
Dennis Schroder,OKC,26,63,39,24,31.0,19.0,7.0,15.0,46.8,1.9,5.1,38.1,3.1,3.7,83.9,0.3,3.4,3.7,4.1,2.5,0.7,0.2,2.2,29.8,0,0,3.9
Deandre Ayton,PHX,21,30,12,18,33.2,19.0,8.5,15.5,54.8,0.0,0.1,0.0,2.0,2.6,76.9,4.1,7.9,12.0,1.9,2.4,0.7,1.7,3.2,41.2,20,0,1.2
LaMarcus Aldridge,SAS,34,53,23,30,33.1,18.9,7.4,15.0,49.3,1.2,3.0,38.9,3.0,3.6,82.7,1.9,5.5,7.4,2.4,1.4,0.7,1.6,2.4,37.0,14,0,-2.4
Evan Fournier,ORL,27,61,26,35,31.7,18.8,6.7,14.2,47.0,2.7,6.7,40.6,2.8,3.4,82.0,0.3,2.3,2.6,3.2,2.0,1.1,0.2,2.4,28.8,0,0,-2.0
Jamal Murray,DEN,23,55,37,18,32.8,18.8,7.0,15.4,45.5,1.9,5.5,34.5,2.9,3.2,89.3,0.8,3.2,3.9,4.8,2.3,1.2,0.3,1.8,32.9,2,0,4.5
T.J. Warren,IND,26,61,38,23,32.5,18.7,7.5,14.2,52.9,1.1,3.0,37.5,2.5,3.0,81.2,1.0,3.0,4.0,1.4,1.3,1.1,0.4,2.8,29.1,0,0,0.9
Kelly Oubre Jr.,PHX,24,56,22,34,34.5,18.7,6.7,14.8,45.2,1.9,5.5,35.2,3.4,4.4,78.0,1.2,5.3,6.4,1.5,1.5,1.3,0.7,3.4,33.2,9,0,-0.5
Lou Williams,LAC,33,60,41,19,29.3,18.7,6.1,14.7,41.6,1.8,4.9,36.3,4.6,5.4,86.3,0.5,2.6,3.1,5.7,2.9,0.7,0.2,1.3,30.6,2,0,3.6
Montrezl Harrell,LAC,26,63,44,19,27.8,18.6,7.5,12.9,58.0,0.0,0.3,0.0,3.7,5.6,65.8,2.6,4.5,7.1,1.7,1.7,0.6,1.1,2.3,33.2,12,0,4.0
Domantas Sabonis,IND,24,62,37,25,34.8,18.5,7.4,13.7,54.0,0.3,1.1,25.4,3.5,4.8,72.3,3.0,9.4,12.4,5.0,2.7,0.8,0.5,3.1,41.9,50,4,2.6
Devonte' Graham,CHA,25,63,23,40,35.1,18.2,5.8,15.3,38.2,3.5,9.3,37.3,3.0,3.7,82.0,0.7,2.7,3.4,7.5,2.9,1.0,0.2,1.8,34.2,17,0,-2.9
Derrick Rose,DET,31,50,17,33,26.0,18.1,7.4,15.1,49.0,0.9,2.9,30.6,2.4,2.8,87.1,0.5,1.9,2.4,5.6,2.5,0.8,0.3,1.0,30.2,4,0,-1.7
Terry Rozier,CHA,26,63,21,42,34.4,18.0,6.3,14.9,42.3,2.7,6.7,40.7,2.6,3.0,87.4,0.8,3.6,4.4,4.1,2.2,1.0,0.2,2.0,30.6,2,0,-6.3
Caris LeVert,BKN,25,39,18,21,29.0,17.7,6.5,15.6,41.4,1.8,4.8,38.1,3.0,4.1,72.0,1.0,3.1,4.1,4.1,2.5,1.1,0.2,1.8,30.2,1,1,-0.4
Andre Drummond,CLE,26,57,21,36,33.0,17.7,7.3,13.8,53.3,0.1,0.6,14.3,3.0,5.2,57.5,4.4,10.8,15.2,2.7,3.6,1.9,1.6,3.5,47.0,47,0,-3.4
Chris Paul,OKC,34,63,40,23,31.8,17.7,6.3,12.8,48.9,1.6,4.4,36.2,3.6,4.0,90.0,0.3,4.6,4.9,6.8,2.2,1.6,0.1,2.2,36.7,10,0,4.7
Ja Morant,MEM,20,59,31,28,30.0,17.6,6.7,13.6,49.1,0.9,2.4,36.7,3.5,4.5,77.0,0.7,2.8,3.5,6.9,3.2,0.9,0.3,1.5,32.5,11,1,-0.1
Kevin Love,CLE,31,56,16,40,31.8,17.6,5.8,13.0,45.0,2.6,7.0,37.4,3.3,3.9,85.4,1.0,8.8,9.8,3.2,2.5,0.6,0.3,1.6,34.4,23,0,-4.8
Fred VanVleet,TOR,26,48,35,13,35.8,17.6,6.0,14.6,40.9,2.7,7.0,38.8,2.9,3.5,84.3,0.4,3.4,3.8,6.6,2.3,1.9,0.3,2.5,36.2,6,0,4.0
Marcus Morris Sr.,LAC,30,55,22,33,31.4,17.4,5.9,13.6,43.3,2.4,5.9,41.0,3.1,3.8,82.3,1.0,4.1,5.1,1.4,1.6,0.8,0.5,2.9,27.8,3,0,-0.6
Gordon Hayward,BOS,30,45,29,16,33.4,17.3,6.8,13.5,50.2,1.6,4.2,39.2,2.1,2.5,84.7,1.0,5.5,6.5,4.1,1.8,0.8,0.4,1.8,33.2,8,0,6.2
Jaren Jackson Jr.,MEM,20,54,28,26,28.0,16.9,6.1,13.0,46.8,2.5,6.3,39.7,2.3,3.1,74.1,1.0,3.7,4.7,1.4,1.7,0.7,1.6,4.1,29.8,3,0,-2.1
Ben Simmons,PHI,23,54,33,21,35.7,16.7,6.7,11.4,58.5,0.0,0.1,33.3,3.3,5.3,62.7,2.0,5.8,7.8,8.2,3.6,2.1,0.6,3.2,43.0,30,6,1.5
Norman Powell,TOR,26,44,33,11,28.8,16.4,5.9,11.7,50.2,2.1,5.4,39.8,2.5,3.0,83.8,0.5,3.1,3.7,1.8,1.5,1.3,0.4,2.1,26.9,0,0,4.1
Malcolm Brogdon,IND,27,48,30,18,30.7,16.3,6.0,13.7,43.9,1.3,4.1,31.3,3.0,3.4,89.5,0.8,3.9,4.7,7.1,2.4,0.7,0.2,1.8,32.9,9,0,2.0
Hassan Whiteside,POR,30,61,29,32,31.3,16.3,6.9,11.1,61.8,0.1,0.1,57.1,2.5,3.7,68.0,4.0,10.2,14.2,1.2,1.9,0.4,3.1,2.9,43.7,51,0,1.5
Bam Adebayo,MIA,22,65,41,24,34.4,16.2,6.3,11.1,56.7,0.0,0.2,7.7,3.6,5.3,69.0,2.5,8.0,10.5,5.1,2.8,1.2,1.3,2.5,41.2,39,3,3.2
Goran Dragic,MIA,33,54,34,20,28.4,16.1,5.4,12.3,43.7,2.2,5.8,37.7,3.1,4.1,76.9,0.5,2.6,3.1,5.1,2.5,0.6,0.1,1.9,27.1,3,0,2.0
Serge Ibaka,TOR,30,50,36,14,27.5,16.0,6.5,12.5,51.8,1.3,3.3,39.8,1.8,2.4,74.8,2.1,6.2,8.3,1.5,2.0,0.5,0.8,2.8,30.1,19,0,2.5
Tim Hardaway Jr.,DAL,28,63,38,25,28.8,15.8,5.5,12.6,43.7,2.9,7.2,40.7,1.9,2.4,80.1,0.4,2.8,3.1,2.0,1.0,0.6,0.1,1.7,23.7,0,0,5.4
Luke Kennard,DET,23,28,11,17,32.9,15.8,5.4,12.2,44.2,2.6,6.5,39.9,2.4,2.7,89.3,0.3,3.2,3.5,4.1,1.5,0.4,0.2,2.3,26.5,0,0,-0.8
Dillon Brooks,MEM,24,65,32,33,28.5,15.7,5.7,14.2,40.2,2.0,5.5,36.9,2.2,2.7,80.9,0.9,2.3,3.3,2.0,1.7,0.9,0.4,3.8,24.7,0,0,-0.6
Kendrick Nunn,MIA,24,62,40,22,29.8,15.6,6.1,13.7,44.8,2.1,5.8,36.2,1.2,1.5,83.7,0.3,2.4,2.7,3.4,1.6,0.8,0.2,2.3,25.3,0,0,1.7
Blake Griffin,DET,31,18,8,10,28.5,15.5,4.9,13.9,35.2,1.5,6.2,24.3,4.2,5.4,77.6,0.9,3.7,4.7,3.3,2.2,0.4,0.4,1.5,26.1,2,0,-1.4
Eric Bledsoe,MIL,30,56,47,9,27.2,15.4,5.7,11.8,48.2,1.3,3.6,34.8,2.8,3.4,81.3,0.7,3.9,4.6,5.4,2.5,0.9,0.4,2.1,30.8,2,0,8.1
Davis Bertans,WAS,27,54,20,34,29.3,15.4,4.9,11.3,43.4,3.7,8.7,42.4,1.9,2.3,85.2,0.6,3.9,4.5,1.7,1.1,0.7,0.6,2.6,26.2,1,0,-0.3
Carmelo Anthony,POR,35,50,22,28,32.5,15.3,5.8,13.6,42.6,1.4,3.9,37.1,2.3,2.7,84.3,1.2,5.0,6.3,1.6,1.7,0.8,0.5,2.8,27.2,4,0,0.1
Jordan Clarkson,UTA,27,63,31,32,24.2,15.1,5.6,12.0,46.5,2.1,5.6,36.8,1.9,2.3,84.1,0.7,1.9,2.7,2.0,1.3,0.7,0.2,1.5,22.7,0,0,0.2
Alec Burks,PHI,28,59,17,42,27.3,15.1,4.8,11.9,40.4,1.7,4.6,36.6,3.8,4.3,89.6,0.7,3.7,4.4,2.9,1.4,1.0,0.3,2.0,27.2,1,0,-4.6
Will Barton,DEN,29,58,38,20,33.0,15.1,5.7,12.7,45.0,1.9,5.0,37.5,1.8,2.3,76.7,1.3,5.0,6.3,3.7,1.5,1.1,0.5,2.1,31.2,7,0,4.2
Rudy Gobert,UTA,27,62,40,22,34.6,15.1,5.7,8.2,69.8,0.0,0.0,0.0,3.7,5.9,62.1,3.4,10.3,13.7,1.5,1.9,0.8,2.0,3.2,40.1,45,0,4.4
JJ Redick,NOP,35,54,24,30,26.4,14.9,4.6,10.3,45.0,2.9,6.4,45.2,2.7,3.0,90.2,0.2,2.4,2.6,2.0,1.2,0.4,0.2,1.6,21.4,0,0,0.2
Jonas Valanciunas,MEM,27,62,30,32,26.3,14.9,6.2,10.6,58.6,0.5,1.3,36.7,2.0,2.7,73.2,3.1,8.2,11.2,1.8,1.7,0.4,1.1,2.6,33.8,33,0,0.1
Terrence Ross,ORL,29,63,29,34,27.3,14.8,5.0,12.3,40.7,2.6,7.2,35.7,2.2,2.6,84.5,0.2,3.0,3.2,1.2,1.0,1.1,0.3,1.5,23.7,0,0,-1.1
Lauri Markkanen,CHI,22,50,18,32,29.8,14.7,5.0,11.8,42.5,2.2,6.3,34.4,2.5,3.1,82.4,1.2,5.1,6.3,1.5,1.6,0.8,0.5,1.9,26.8,3,0,-1.4
Harrison Barnes,SAC,27,64,28,36,34.9,14.7,5.1,11.1,45.9,1.5,3.8,38.3,3.1,3.8,80.3,1.0,3.8,4.8,2.4,1.3,0.6,0.2,1.3,25.0,3,0,-0.8
Jabari Parker,SAC,25,33,7,26,25.8,14.7,6.0,12.1,49.9,0.9,3.5,26.7,1.7,2.2,74.3,1.6,4.3,5.9,1.8,1.8,1.3,0.5,2.8,27.8,2,0,-4.1
Eric Gordon,HOU,31,34,21,13,28.6,14.5,4.8,12.9,37.0,2.7,8.5,31.9,2.3,3.0,75.7,0.2,1.7,1.9,1.5,1.1,0.6,0.4,2.0,21.1,0,0,0.6
Bogdan Bogdanovic,SAC,27,53,26,27,28.5,14.5,5.2,12.1,43.3,2.6,7.2,36.1,1.4,2.0,72.4,0.3,2.9,3.2,3.2,1.7,1.0,0.3,2.2,25.3,2,0,-1.1
Aaron Gordon,ORL,24,58,28,30,33.0,14.4,5.4,12.5,43.3,1.2,3.9,30.1,2.4,3.5,67.5,1.8,5.8,7.6,3.7,1.6,0.9,0.6,2.0,31.9,19,1,-1.7
RJ Barrett,NYK,19,56,17,39,30.4,14.3,5.2,13.0,40.2,1.1,3.5,32.0,2.8,4.5,61.4,0.9,4.1,5.0,2.6,2.2,1.0,0.3,2.2,25.8,2,0,-5.8
Marvin Bagley III,SAC,21,13,2,11,25.7,14.2,6.0,12.8,46.7,0.3,1.7,18.2,1.9,2.4,80.6,2.2,5.2,7.5,0.8,1.4,0.5,0.9,3.3,27.1,3,0,-6.8
Eric Paschall,GSW,23,60,14,46,27.6,14.0,5.3,10.7,49.7,0.6,2.2,28.7,2.7,3.5,77.4,1.4,3.2,4.6,2.1,1.6,0.5,0.2,2.1,23.3,4,0,-6.3
Joe Harris,BKN,28,63,30,33,30.9,13.9,5.3,11.2,47.1,2.4,5.9,41.2,1.0,1.3,74.7,1.0,3.4,4.3,2.1,1.5,0.6,0.3,2.2,23.3,0,0,1.8
Clint Capela,ATL,25,39,22,17,32.8,13.9,6.3,9.9,62.9,0.0,0.0,0.0,1.4,2.7,52.9,4.3,9.5,13.8,1.2,1.6,0.8,1.8,2.6,38.8,27,0,1.5
Mike Conley,UTA,32,41,24,17,28.6,13.8,4.8,11.9,40.5,2.0,5.2,37.6,2.3,2.9,79.5,0.7,2.6,3.2,4.3,1.9,0.8,0.1,2.2,24.9,0,0,1.2
Josh Richardson,PHI,26,48,29,19,30.7,13.8,5.1,12.0,42.9,1.5,4.5,32.7,2.1,2.7,78.9,0.8,2.6,3.4,3.1,1.9,0.9,0.7,2.5,25.5,0,0,2.4
Victor Oladipo,IND,28,13,7,6,26.0,13.8,4.8,12.4,39.1,1.6,5.3,30.4,2.5,3.2,78.0,0.5,2.6,3.2,3.0,2.2,0.8,0.2,1.6,23.1,0,0,0.2
Marcus Smart,BOS,26,53,34,19,32.5,13.5,4.5,11.9,38.0,2.4,6.9,34.8,2.0,2.4,83.5,0.8,3.1,3.8,4.8,1.7,1.6,0.5,2.7,30.1,3,0,4.5
Rui Hachimura,WAS,22,41,15,26,29.7,13.4,5.3,11.1,47.8,0.5,1.8,27.4,2.2,2.7,82.9,1.5,4.5,6.0,1.7,1.0,0.8,0.2,2.2,25.2,3,0,-4.9
Duncan Robinson,MIA,26,65,41,24,30.0,13.3,4.4,9.4,46.7,3.7,8.4,44.8,0.7,0.8,90.6,0.1,3.1,3.3,1.4,0.9,0.5,0.2,2.8,20.7,1,0,4.8
Coby White,CHI,20,65,22,43,25.8,13.2,4.8,12.2,39.4,2.0,5.8,35.4,1.6,2.0,79.1,0.4,3.1,3.5,2.7,1.7,0.8,0.1,1.8,22.4,0,0,-2.5
Christian Wood,DET,24,62,20,42,21.4,13.1,4.6,8.2,56.7,0.9,2.3,38.6,2.9,3.9,74.4,1.7,4.6,6.3,1.0,1.4,0.5,0.9,1.6,25.0,12,0,1.1
Ricky Rubio,PHX,29,57,24,33,31.6,13.1,4.4,10.7,41.2,1.2,3.3,35.1,3.1,3.6,85.3,0.7,3.9,4.6,8.9,2.7,1.5,0.2,2.5,34.4,21,2,2.3
Miles Bridges,CHA,22,65,23,42,30.7,13.0,4.9,11.6,42.4,1.5,4.6,33.0,1.6,2.0,80.9,1.4,4.2,5.6,1.8,1.5,0.6,0.7,2.0,24.9,4,0,-6.1
Tyler Herro,MIA,20,47,31,16,27.2,12.9,4.7,11.3,41.4,2.1,5.4,39.1,1.4,1.7,83.5,0.3,3.7,4.0,1.9,1.5,0.6,0.1,1.3,21.4,0,0,-0.4
Richaun Holmes,SAC,26,39,15,24,28.9,12.8,5.4,8.2,65.4,0.0,0.0,0.0,2.1,2.6,80.0,3.0,5.3,8.3,1.0,1.3,1.0,1.4,3.9,30.3,13,0,0.6
Robert Covington,HOU,29,62,23,39,30.1,12.8,4.5,10.5,43.2,2.4,6.8,34.9,1.4,1.7,79.6,0.9,5.5,6.4,1.2,1.5,1.5,1.3,3.2,29.2,5,0,-0.1
Reggie Jackson,LAC,30,23,11,12,24.2,12.8,4.7,11.2,41.6,2.0,4.9,39.8,1.5,1.9,81.4,0.7,2.3,2.9,4.4,1.7,0.4,0.2,1.7,23.1,1,0,4.0
Damion Lee,GSW,27,49,12,37,29.0,12.7,4.3,10.4,41.7,1.7,4.9,35.6,2.2,2.6,87.3,0.7,4.2,4.9,2.7,1.4,1.0,0.1,2.4,24.7,3,0,-2.5
Seth Curry,DAL,29,59,36,23,24.5,12.6,4.5,9.0,50.0,2.3,5.1,45.3,1.3,1.5,84.1,0.4,1.9,2.4,2.0,1.0,0.6,0.1,1.7,19.6,0,0,3.2
Jeremy Lamb,IND,27,46,27,19,28.1,12.5,4.7,10.4,45.1,1.2,3.4,33.5,2.0,2.4,83.6,0.5,3.8,4.3,2.1,1.1,1.2,0.5,2.3,24.8,2,0,0.0
Kyle Kuzma,LAL,24,54,43,11,24.6,12.5,4.7,10.9,43.2,1.3,4.4,29.7,1.8,2.4,73.8,0.9,3.6,4.5,1.3,1.6,0.4,0.4,2.0,20.5,2,0,3.1
Lonzo Ball,NOP,22,56,24,32,32.4,12.4,4.6,11.2,41.2,2.5,6.5,38.3,0.7,1.2,56.7,1.1,5.1,6.2,7.0,3.1,1.4,0.5,2.0,33.2,12,3,0.5
De'Andre Hunter,ATL,22,63,19,44,32.0,12.3,4.4,10.8,41.0,1.7,4.8,35.5,1.7,2.3,76.4,0.7,3.8,4.5,1.8,1.6,0.7,0.3,2.9,21.8,3,0,-4.1
Darius Garland,CLE,20,59,17,42,30.9,12.3,4.7,11.8,40.1,1.8,5.0,35.5,1.1,1.2,87.5,0.5,1.4,1.9,3.9,2.6,0.7,0.1,1.6,20.2,1,0,-5.0
P.J. Washington,CHA,21,58,22,36,30.3,12.2,4.6,10.2,45.5,1.5,4.0,37.4,1.5,2.3,64.7,1.0,4.4,5.4,2.1,1.6,0.9,0.8,2.7,25.3,4,0,-3.8
Kevin Huerter,ATL,21,56,19,37,31.4,12.2,4.5,10.9,41.3,2.3,6.0,38.0,0.9,1.1,82.8,0.6,3.4,4.1,3.8,1.6,0.9,0.5,2.5,25.4,2,0,-4.3
Isaiah Thomas,WAS,31,40,14,26,23.1,12.2,4.4,10.7,40.8,2.0,4.7,41.3,1.6,1.9,81.6,0.3,1.4,1.7,3.7,1.9,0.3,0.2,1.9,19.2,1,0,-5.0
Thomas Bryant,WAS,22,38,14,24,23.7,12.1,4.8,8.1,59.9,0.6,1.4,40.7,1.8,2.5,73.7,2.0,4.9,6.8,1.9,1.3,0.4,0.9,2.2,25.6,8,0,-3.6
Taurean Prince,BKN,26,64,30,34,29.0,12.1,4.3,11.5,37.6,2.3,6.7,33.9,1.1,1.4,79.8,0.8,5.2,6.0,1.8,2.0,0.9,0.4,2.5,23.8,8,0,1.1
Markelle Fultz,ORL,21,64,30,34,28.3,12.1,5.0,10.6,47.3,0.5,1.8,25.4,1.6,2.2,72.3,0.5,2.8,3.3,5.2,2.0,1.3,0.2,2.0,26.2,3,1,-0.8
Brandon Clarke,MEM,23,50,27,23,21.7,12.0,5.1,8.2,62.3,0.4,1.0,40.4,1.5,1.9,78.5,1.6,4.3,5.8,1.4,0.9,0.5,0.8,1.6,24.4,3,0,0.2
Al Horford,PHI,33,60,35,25,30.8,12.0,4.8,10.9,44.2,1.5,4.4,33.7,0.9,1.2,75.3,1.5,5.3,6.9,4.1,1.1,0.9,0.9,2.1,30.6,6,0,2.0
Paul Millsap,DEN,35,44,27,17,24.4,12.0,4.3,8.8,48.6,1.1,2.5,44.0,2.4,2.9,83.3,2.0,3.9,5.9,1.6,1.4,0.9,0.6,2.9,24.6,5,0,5.4
Jonathan Isaac,ORL,22,32,13,19,29.7,12.0,4.7,10.1,46.3,0.9,2.8,33.0,1.8,2.3,76.7,1.8,5.2,6.9,1.4,1.5,1.6,2.4,2.5,32.9,5,0,0.3
Tristan Thompson,CLE,29,57,19,38,30.2,12.0,5.1,9.9,51.2,0.2,0.4,39.1,1.7,2.8,61.5,4.0,6.2,10.1,2.1,1.8,0.6,0.9,2.2,29.9,25,0,-6.6
Otto Porter Jr.,CHI,26,14,5,9,23.6,11.9,4.4,10.0,44.3,1.7,4.4,38.7,1.4,1.9,70.4,0.9,2.5,3.4,1.8,0.8,1.1,0.4,2.2,22.4,0,0,1.9
Nemanja Bjelica,SAC,31,64,28,36,28.5,11.9,4.5,9.4,47.5,2.0,4.6,42.4,0.9,1.1,82.2,1.7,4.8,6.4,2.8,1.4,0.8,0.5,3.0,26.4,8,0,-0.6
Myles Turner,IND,24,55,32,23,29.6,11.8,4.2,9.4,45.1,1.4,4.2,33.6,2.0,2.6,75.0,1.3,5.3,6.5,1.1,1.2,0.8,2.2,2.5,29.0,8,0,0.3
Glenn Robinson III,PHI,26,60,17,43,29.1,11.8,4.7,9.6,48.6,1.2,3.2,38.7,1.2,1.4,86.7,1.3,3.0,4.3,1.6,0.9,0.9,0.3,1.6,22.0,1,0,-4.9
Patty Mills,SAS,31,63,27,36,22.7,11.7,3.9,9.1,42.9,2.3,6.2,38.0,1.5,1.7,86.1,0.3,1.3,1.6,1.8,0.8,0.8,0.1,1.6,18.2,0,0,1.8
Jerami Grant,DEN,26,64,42,22,26.2,11.6,4.1,8.7,47.1,1.4,3.4,40.0,2.0,2.7,74.4,0.8,2.7,3.5,1.2,0.9,0.7,0.8,2.2,21.3,0,0,-1.2
Jordan McRae,DET,29,37,12,25,21.2,11.5,4.0,9.9,40.7,1.2,3.4,35.7,2.2,2.9,76.1,0.5,2.9,3.4,2.5,1.2,0.6,0.4,2.0,21.1,0,0,-2.0
Aron Baynes,PHX,33,42,19,23,22.2,11.5,4.4,9.1,48.0,1.4,4.0,35.1,1.3,1.8,74.7,1.7,4.0,5.6,1.6,1.2,0.2,0.5,3.4,21.8,3,0,-1.1
Justise Winslow,MEM,24,11,7,4,32.0,11.3,4.5,11.7,38.8,0.5,2.5,22.2,1.6,2.5,66.7,1.5,5.2,6.6,4.0,2.2,0.6,0.5,3.5,26.3,1,0,4.7
Wendell Carter Jr.,CHI,21,43,15,28,29.2,11.3,4.3,8.0,53.4,0.1,0.7,20.7,2.6,3.5,73.7,3.2,6.2,9.4,1.2,1.7,0.8,0.8,3.8,27.5,17,0,-0.7
Bryn Forbes,SAS,26,63,27,36,25.1,11.2,3.8,9.2,41.7,2.3,6.0,38.8,1.2,1.4,83.3,0.2,1.8,2.0,1.7,0.9,0.5,0.0,1.8,16.9,0,0,-3.4
Malik Beasley,MIN,23,55,30,25,22.0,11.2,4.1,9.7,42.5,1.9,5.0,38.8,1.0,1.2,81.8,0.3,2.4,2.7,1.4,1.0,0.7,0.1,1.4,18.0,1,0,-0.9
Cody Zeller,CHA,27,58,18,40,23.1,11.1,4.3,8.3,52.4,0.3,1.3,24.0,2.1,3.1,68.2,2.8,4.3,7.1,1.5,1.3,0.7,0.4,2.4,23.9,10,0,-3.8
Cedi Osman,CLE,25,65,19,46,29.4,11.0,4.1,9.4,43.7,1.9,4.9,38.3,1.0,1.4,67.0,0.6,3.0,3.6,2.4,1.4,0.8,0.2,2.5,20.7,2,0,-5.4
Frank Kaminsky,PHX,27,32,12,20,22.4,11.0,4.0,8.7,45.5,1.2,3.5,34.8,1.8,2.8,67.0,0.9,4.0,4.9,2.2,1.0,0.4,0.3,2.2,21.4,1,0,-1.0
Mychal Mulder,GSW,25,7,3,4,29.1,11.0,3.7,9.6,38.8,2.3,7.4,30.8,1.3,1.7,75.0,0.4,2.9,3.3,1.1,0.7,0.3,0.1,2.9,17.2,0,0,3.3
Brook Lopez,MIL,32,61,50,11,26.6,11.0,4.0,9.4,42.7,1.4,4.7,29.6,1.6,2.0,81.0,0.7,3.8,4.5,1.6,1.0,0.7,2.4,2.4,27.1,3,0,7.8
Rodney Hood,POR,27,21,8,13,29.5,11.0,4.1,8.2,50.6,1.7,3.4,49.3,1.0,1.3,77.8,0.5,3.0,3.4,1.5,0.9,0.8,0.2,2.2,19.4,0,0,0.2
Steven Adams,OKC,26,58,37,21,27.0,10.9,4.5,7.6,59.1,0.0,0.1,33.3,1.9,3.2,59.0,3.4,6.0,9.4,2.4,1.5,0.9,1.1,1.9,30.3,21,0,2.5
Jeff Teague,ATL,31,59,22,37,24.8,10.9,3.6,8.3,43.6,0.7,2.0,36.8,2.9,3.3,87.3,0.5,1.9,2.4,5.2,2.0,0.7,0.3,1.8,22.8,3,0,-2.9
OG Anunoby,TOR,22,63,45,18,30.1,10.7,4.2,8.4,50.7,1.3,3.4,38.1,0.9,1.4,68.6,1.2,4.2,5.4,1.6,1.2,1.4,0.7,2.5,24.6,5,0,3.6
Dejounte Murray,SAS,23,58,24,34,25.0,10.7,4.4,9.3,47.5,0.6,1.6,37.8,1.3,1.6,79.8,1.2,4.6,5.8,4.1,1.9,1.7,0.3,2.2,27.9,4,0,-3.4
Jarrett Allen,BKN,22,64,30,34,25.7,10.6,4.2,6.5,64.6,0.0,0.1,0.0,2.3,3.7,62.0,3.0,6.4,9.5,1.3,1.1,0.6,1.3,2.3,28.6,26,0,0.5
Cam Reddish,ATL,20,58,17,41,26.7,10.5,3.7,9.6,38.4,1.4,4.3,33.2,1.7,2.2,80.2,0.6,3.1,3.7,1.5,1.7,1.1,0.5,2.3,20.2,0,0,-4.2
Ish Smith,WAS,31,60,22,38,26.2,10.5,4.4,9.7,45.1,0.9,2.5,36.7,0.8,1.2,68.6,0.5,2.7,3.2,4.8,1.3,0.9,0.4,1.4,23.9,0,0,-1.8
Josh Jackson,MEM,23,18,9,9,19.8,10.4,3.8,8.6,43.9,1.3,4.0,31.9,1.6,2.4,65.9,0.6,2.6,3.2,1.7,1.4,1.0,0.5,2.2,20.0,0,0,1.6
D.J. Augustin,ORL,32,49,25,24,24.8,10.4,3.2,8.1,39.3,1.2,3.6,34.5,2.8,3.2,88.5,0.4,1.9,2.2,4.6,1.4,0.6,0.0,1.1,20.4,0,0,1.6
Jae Crowder,MIA,29,58,26,32,29.2,10.4,3.4,8.8,38.4,1.9,6.1,31.8,1.6,2.1,78.5,0.8,5.3,6.1,2.6,1.1,1.2,0.4,2.2,25.1,6,0,-2.5
Derrick White,SAS,25,61,27,34,24.1,10.4,3.5,7.6,45.9,0.9,2.6,35.6,2.5,2.9,85.7,0.5,2.7,3.2,3.4,1.2,0.6,0.9,2.2,22.6,0,0,0.0
Gary Harris,DEN,25,56,37,19,31.8,10.4,3.9,9.3,42.0,1.3,3.8,33.3,1.3,1.6,81.5,0.5,2.4,2.9,2.1,1.1,1.4,0.3,2.1,20.8,0,0,2.2
Doug McDermott,IND,28,62,37,25,20.0,10.4,3.9,7.9,49.1,1.9,4.3,44.5,0.7,0.8,82.7,0.4,2.1,2.5,1.1,0.6,0.1,0.1,1.7,15.1,0,0,1.9
Shabazz Napier,WAS,28,51,16,35,24.2,10.3,3.3,8.1,41.2,1.4,4.4,32.0,2.3,2.8,82.3,0.5,2.4,2.9,5.0,2.2,1.3,0.2,1.8,23.4,2,1,-1.2
Thaddeus Young,CHI,31,64,22,42,24.9,10.3,4.2,9.4,44.8,1.2,3.5,35.6,0.7,1.1,58.3,1.5,3.5,4.9,1.8,1.6,1.4,0.4,2.1,22.7,2,0,-3.3
Langston Galloway,DET,28,66,20,46,25.8,10.3,3.6,8.2,43.5,2.0,5.0,39.9,1.1,1.3,85.9,0.5,1.8,2.3,1.5,0.6,0.7,0.2,1.5,17.3,0,0,-2.2
Garrett Temple,BKN,33,55,26,29,28.1,10.3,3.6,9.5,37.8,2.0,6.3,32.4,1.0,1.3,76.7,0.5,2.9,3.5,2.6,1.0,0.8,0.5,1.7,21.0,1,0,-0.8
Malik Monk,CHA,22,55,18,37,21.3,10.3,3.9,8.9,43.4,1.1,3.7,28.4,1.5,1.8,82.0,0.5,2.4,2.9,2.1,1.4,0.5,0.3,1.3,17.6,1,0,-4.2
Danuel House Jr.,HOU,26,58,36,22,30.0,10.2,3.6,8.3,42.7,1.9,5.4,36.3,1.2,1.5,80.0,1.0,3.3,4.2,1.3,0.8,1.1,0.6,2.1,21.5,2,0,1.8
Josh Hart,NOP,25,57,24,33,27.4,10.2,3.5,8.4,41.6,1.9,5.7,34.2,1.2,1.6,74.7,0.9,5.5,6.5,1.6,1.1,1.0,0.4,2.5,23.5,9,0,-1.4
Bobby Portis,NYK,25,66,21,45,21.1,10.1,4.0,8.9,45.0,1.0,2.8,35.8,1.1,1.4,76.3,1.2,3.9,5.1,1.5,1.1,0.5,0.3,1.7,19.7,5,0,-2.9
Dario Saric,PHX,26,58,24,34,24.9,10.1,3.7,8.1,46.2,1.3,3.7,34.1,1.4,1.6,83.2,1.5,4.4,5.9,1.9,1.2,0.6,0.3,2.3,21.4,9,0,-1.3
Markieff Morris,LAL,30,52,20,32,21.3,10.1,3.6,8.2,44.5,1.6,4.0,38.6,1.3,1.6,78.3,0.7,3.2,3.8,1.4,1.4,0.5,0.3,2.3,17.8,1,0,-2.0
Larry Nance Jr.,CLE,27,56,16,40,26.3,10.1,4.1,7.7,53.1,1.0,2.8,35.2,0.9,1.3,67.6,1.9,5.4,7.3,2.2,1.1,1.0,0.4,1.6,25.2,12,0,-2.8
Rudy Gay,SAS,33,60,25,35,21.5,10.0,3.7,8.4,44.2,1.0,3.1,31.4,1.7,1.9,87.6,0.9,4.4,5.4,1.7,1.3,0.4,0.5,1.5,20.4,4,0,-0.3
Elfrid Payton,NYK,26,45,17,28,27.7,10.0,4.3,9.8,43.9,0.3,1.5,20.3,1.1,1.9,57.0,1.2,3.6,4.7,7.2,2.1,1.6,0.4,2.0,30.1,6,1,-1.9
Kevin Porter Jr.,CLE,20,50,15,35,23.2,10.0,3.7,8.4,44.2,1.1,3.2,33.5,1.5,2.0,72.3,0.4,2.8,3.2,2.2,1.9,0.9,0.3,2.7,18.9,0,0,-5.8
Tomas Satoransky,CHI,28,65,22,43,28.9,9.9,3.6,8.5,43.0,1.0,3.1,32.2,1.6,1.9,87.6,1.2,2.7,3.9,5.4,2.0,1.2,0.1,2.1,24.8,3,0,-1.1
Ben McLemore,HOU,27,63,40,23,22.8,9.8,3.3,7.5,44.5,2.4,6.2,39.5,0.7,1.0,75.8,0.3,1.9,2.2,0.9,0.7,0.6,0.2,2.1,15.4,1,0,3.4
Joe Ingles,UTA,32,64,41,23,29.9,9.8,3.4,7.7,44.1,1.9,4.8,39.7,1.0,1.3,77.4,0.4,3.6,4.0,5.2,1.9,0.9,0.1,2.1,23.5,2,0,3.8
Troy Brown Jr.,WAS,20,61,23,38,24.9,9.7,3.8,8.3,45.3,0.8,2.4,34.5,1.4,1.9,75.4,1.0,4.3,5.3,2.3,1.1,1.2,0.1,1.8,22.6,4,0,-2.7
Furkan Korkmaz,PHI,22,64,38,26,21.8,9.7,3.5,8.0,43.2,2.0,5.0,39.7,0.8,1.1,73.6,0.3,2.1,2.3,1.1,0.8,0.6,0.2,1.4,15.7,0,0,1.4
Mitchell Robinson,NYK,22,61,20,41,23.2,9.7,4.1,5.6,74.2,0.0,0.0,0.0,1.4,2.4,56.8,3.0,4.0,7.0,0.6,0.6,0.9,2.0,3.2,26.8,8,0,-1.8
Landry Shamet,LAC,23,47,31,16,27.5,9.7,3.1,7.5,41.6,2.2,5.7,39.2,1.2,1.3,90.5,0.1,1.8,1.9,1.9,0.8,0.4,0.2,2.8,15.8,0,0,2.7
George Hill,MIL,34,52,44,8,21.2,9.6,3.4,6.5,53.0,1.4,2.9,48.0,1.3,1.6,83.1,0.9,2.1,3.0,2.9,0.9,0.8,0.1,1.4,19.2,0,0,5.3
Kentavious Caldwell-Pope,LAL,27,63,49,14,25.5,9.5,3.5,7.4,47.2,1.4,3.5,39.4,1.2,1.5,77.9,0.6,1.5,2.1,1.7,0.9,0.8,0.2,1.9,16.8,0,0,3.4
Moritz Wagner,WAS,23,37,14,23,19.1,9.5,3.5,6.2,57.5,0.6,1.8,34.3,1.8,2.2,81.7,1.4,3.8,5.2,1.3,1.5,0.6,0.5,3.6,19.4,2,0,-1.0
Shake Milton,PHI,23,32,19,13,19.1,9.5,3.4,6.8,49.8,1.5,3.3,45.3,1.2,1.6,76.5,0.3,1.8,2.1,2.2,1.2,0.6,0.2,2.2,16.5,0,0,0.5
Aaron Holiday,IND,23,58,36,22,23.6,9.4,3.5,8.6,40.7,1.4,3.5,39.4,1.1,1.2,86.1,0.4,1.9,2.3,3.3,1.3,0.8,0.2,1.8,18.8,2,0,1.5
Dwight Powell,DAL,28,40,25,15,26.5,9.4,3.7,5.7,63.8,0.3,1.0,25.6,1.9,2.8,66.7,1.9,3.8,5.7,1.5,0.9,0.9,0.6,2.6,21.7,1,0,4.9
Donte DiVincenzo,MIL,23,59,51,8,23.1,9.4,3.5,7.7,46.2,1.3,3.7,34.4,1.0,1.3,76.9,1.0,3.9,4.9,2.3,1.2,1.4,0.3,1.6,22.5,1,0,6.9
Dion Waiters,LAL,28,3,1,2,14.0,9.3,3.3,8.7,38.5,2.7,5.7,47.1,0.0,0.3,0.0,0.0,3.7,3.7,1.0,1.0,0.0,0.7,1.7,16.2,0,0,4.0
Dorian Finney-Smith,DAL,27,64,38,26,29.7,9.3,3.3,7.1,46.8,1.5,4.1,37.4,1.1,1.5,72.2,2.0,3.5,5.5,1.5,1.0,0.7,0.6,2.4,21.0,3,0,4.2
Daniel Theis,BOS,28,58,37,21,23.8,9.3,3.7,6.6,56.5,0.4,1.4,32.1,1.4,1.8,76.4,2.2,4.3,6.6,1.6,0.8,0.6,1.3,3.5,24.5,5,0,3.4
Marquese Chriss,GSW,22,59,15,44,20.3,9.3,3.6,6.5,54.5,0.1,0.7,20.5,2.0,2.6,76.9,1.9,4.3,6.2,1.9,1.3,0.7,1.1,2.1,23.4,9,0,-3.8
Derrick Favors,NOP,28,45,22,23,24.2,9.2,4.2,6.8,62.0,0.0,0.2,14.3,0.8,1.4,58.1,3.3,6.6,9.9,1.7,1.1,0.6,1.0,2.2,27.1,16,0,3.1
Jarrett Culver,MIN,21,63,19,44,23.9,9.2,3.7,9.0,40.4,1.0,3.5,29.9,0.9,1.9,46.2,1.1,2.3,3.4,1.7,1.3,0.9,0.6,2.0,19.1,0,0,-1.6
Maxi Kleber,DAL,28,66,39,27,25.7,9.2,3.2,7.1,45.9,1.6,4.3,37.4,1.0,1.2,86.3,1.5,3.9,5.4,1.2,0.7,0.3,1.2,2.3,21.1,2,0,1.9
Jake Layman,MIN,26,23,11,12,22.0,9.1,3.5,7.8,45.3,1.0,3.1,33.3,1.0,1.4,75.0,0.7,1.7,2.5,0.7,1.0,0.7,0.4,2.0,15.6,0,0,1.0
Svi Mykhailiuk,DET,22,56,17,39,22.6,9.0,3.0,7.2,41.0,2.1,5.1,40.4,1.0,1.3,81.4,0.3,1.6,1.9,1.9,1.1,0.7,0.1,1.6,15.4,0,0,-0.1
Zach Collins,POR,22,3,2,1,28.8,9.0,3.0,6.3,47.4,1.0,2.3,42.9,2.0,2.0,100.0,1.3,2.7,4.0,2.0,2.0,0.0,0.7,3.7,16.8,0,0,6.3
Naz Reid,MIN,20,30,8,22,16.5,9.0,3.3,8.1,41.2,1.1,3.2,33.0,1.2,1.8,69.8,1.1,3.0,4.1,1.2,0.7,0.6,0.7,2.8,19.0,2,0,0.2
Bruce Brown,DET,23,58,18,40,28.2,8.9,3.4,7.7,44.3,0.6,1.7,34.4,1.5,2.1,73.9,1.1,3.7,4.7,4.0,1.7,1.1,0.5,2.8,23.6,4,0,-2.4
Derrick Jones Jr.,MIA,23,51,31,20,24.5,8.9,3.3,6.3,51.4,0.7,2.5,27.0,1.7,2.2,77.9,1.1,3.1,4.2,1.1,0.5,1.1,0.7,2.2,20.4,0,0,-0.8
Jordan Poole,GSW,20,57,12,45,22.3,8.8,2.9,8.8,33.3,1.3,4.6,27.9,1.7,2.1,79.8,0.2,1.9,2.1,2.4,1.3,0.6,0.2,1.6,15.9,0,0,-3.5
Anfernee Simons,POR,20,65,28,37,21.5,8.8,3.2,8.1,40.2,1.1,3.4,33.8,1.2,1.4,82.6,0.4,1.9,2.3,1.5,0.9,0.4,0.2,2.0,14.4,1,0,-4.1
Kent Bazemore,SAC,30,64,31,33,25.1,8.7,2.9,7.7,37.4,1.2,3.6,34.2,1.7,2.2,76.8,0.4,4.0,4.3,1.3,1.3,1.1,0.6,2.8,19.7,0,0,0.4
Mikal Bridges,PHX,23,65,26,39,27.3,8.7,3.2,6.3,51.6,0.9,2.4,35.2,1.4,1.6,84.8,0.9,3.1,4.0,1.8,1.0,1.4,0.6,2.2,21.2,1,0,0.7
Avery Bradley,LAL,29,49,36,13,24.2,8.6,3.5,7.8,44.4,1.3,3.5,36.4,0.4,0.5,83.3,0.4,2.0,2.3,1.3,1.0,0.9,0.1,2.2,15.4,0,0,3.7
Josh Okogie,MIN,21,62,19,43,25.0,8.6,2.7,6.4,42.7,0.7,2.5,26.6,2.5,3.1,79.6,1.4,2.9,4.3,1.6,1.4,1.1,0.4,2.2,19.3,0,0,-2.6
E'Twaun Moore,NOP,31,51,26,25,18.8,8.6,3.4,8.0,42.4,1.2,3.1,37.5,0.6,0.8,67.4,0.6,1.8,2.4,1.4,0.7,0.5,0.2,1.5,15.1,0,0,-0.6
Austin Rivers,HOU,27,60,39,21,23.4,8.5,3.0,7.2,42.1,1.4,3.9,35.8,1.0,1.5,66.7,0.4,2.0,2.4,1.6,0.6,0.7,0.2,1.9,15.7,0,0,2.0
Monte Morris,DEN,24,65,43,22,21.6,8.4,3.4,7.4,45.9,0.8,2.2,37.5,0.8,1.0,82.3,0.3,1.4,1.7,3.5,0.7,0.8,0.2,1.0,18.3,0,0,1.0
James Johnson,MIN,33,32,14,18,19.4,8.4,3.2,6.7,47.9,1.0,2.8,36.3,1.0,1.5,64.6,0.8,2.9,3.7,2.3,1.5,0.8,1.0,2.5,20.2,0,0,-2.3
Justin Holiday,IND,31,65,39,26,24.9,8.4,2.9,6.6,44.0,1.9,4.4,42.4,0.7,0.9,78.0,0.5,2.7,3.2,1.3,0.6,1.2,0.6,1.8,19.0,0,0,0.8
Jeff Green,HOU,33,40,24,16,18.9,8.4,2.9,6.5,44.4,1.2,3.5,34.8,1.4,1.8,78.1,0.6,2.3,2.8,0.8,0.9,0.5,0.4,1.6,14.8,0,0,-1.3
Jeremy Pargo,GSW,34,3,0,3,14.8,8.3,3.7,7.3,50.0,1.0,2.3,42.9,0.0,0.3,0.0,0.3,0.7,1.0,2.7,1.3,0.3,0.0,2.7,13.2,0,0,0.0
Alex Len,SAC,26,49,15,34,18.3,8.3,3.4,6.2,55.6,0.3,1.1,25.0,1.2,1.9,63.7,1.9,4.1,6.0,1.0,1.0,0.4,0.9,2.3,20.1,8,0,-2.2
DeAndre Jordan,BKN,31,56,27,29,22.0,8.3,3.4,5.1,66.6,0.0,0.0,0.0,1.5,2.2,68.0,2.5,7.5,10.0,1.9,1.3,0.3,0.9,2.0,25.6,13,0,-0.7
Danny Green,LAL,32,61,48,13,25.1,8.2,2.9,7.0,41.9,1.9,4.9,37.8,0.5,0.7,72.7,0.7,2.7,3.4,1.4,0.9,1.2,0.5,2.1,18.7,0,0,5.1
Jalen Brunson,DAL,23,57,34,23,17.9,8.2,3.2,6.8,46.6,0.8,2.1,35.8,1.1,1.3,81.3,0.4,2.0,2.4,3.3,1.2,0.4,0.1,1.3,16.2,2,0,3.0
Enes Kanter,BOS,27,51,32,19,17.5,8.2,3.5,6.1,56.6,0.0,0.1,14.3,1.2,1.7,70.8,2.8,5.0,7.7,1.0,1.0,0.4,0.7,1.7,21.3,9,0,3.3
Cameron Johnson,PHX,24,49,20,29,20.3,8.1,2.8,6.6,41.8,1.9,4.7,39.7,0.7,0.9,76.1,0.8,2.1,2.9,1.1,0.6,0.6,0.3,1.5,15.4,0,0,-1.5
De'Anthony Melton,MEM,21,52,25,27,19.4,8.1,2.8,6.8,41.9,0.7,2.3,31.6,1.7,2.0,82.1,0.7,3.0,3.7,3.0,1.5,1.3,0.3,1.8,20.3,0,0,2.4
Reggie Bullock,NYK,29,29,9,20,23.6,8.1,3.1,7.7,40.2,1.3,3.8,33.3,0.6,0.7,81.0,0.4,1.9,2.3,1.4,0.7,0.9,0.1,1.9,15.3,0,0,-2.7
Tony Snell,DET,28,59,18,41,27.8,8.0,2.9,6.5,44.5,1.7,4.3,40.2,0.5,0.5,100.0,0.2,1.7,1.9,2.2,0.5,0.5,0.3,1.7,15.4,0,0,-2.9
Draymond Green,GSW,30,43,10,33,28.4,8.0,2.9,7.3,38.9,0.8,3.0,27.9,1.5,1.9,75.9,0.5,5.7,6.2,6.2,2.3,1.4,0.8,2.6,28.9,8,2,-4.5
Ivica Zubac,LAC,23,64,44,20,18.1,8.0,3.2,5.3,60.1,0.0,0.0,0.0,1.7,2.2,75.9,2.6,4.6,7.2,1.1,0.8,0.2,0.9,2.3,20.8,7,0,2.8
Trevor Ariza,POR,34,53,22,31,28.2,8.0,2.7,6.1,43.8,1.5,3.9,37.2,1.2,1.4,83.8,0.6,4.0,4.6,1.7,1.1,1.3,0.3,2.1,19.8,0,0,-0.2
Patrick Beverley,LAC,31,48,37,11,27.1,7.9,2.9,6.8,42.8,1.6,4.1,37.9,0.6,0.9,65.9,1.2,4.2,5.4,3.7,1.3,1.1,0.5,3.1,23.5,4,0,5.5
Chandler Hutchison,CHI,24,28,8,20,18.8,7.8,2.9,6.3,45.7,0.4,1.4,31.6,1.6,2.8,59.0,0.6,3.2,3.9,0.9,1.0,1.0,0.3,1.7,16.5,0,0,-5.1
Terence Davis,TOR,22,64,46,18,17.0,7.7,2.8,6.1,46.3,1.4,3.5,39.6,0.7,0.8,86.5,0.7,2.7,3.4,1.7,1.0,0.5,0.2,1.6,15.4,1,0,3.5
Nerlens Noel,OKC,26,55,35,20,18.4,7.7,3.2,4.6,68.5,0.0,0.1,33.3,1.4,1.8,76.5,1.5,3.4,4.9,1.0,1.0,1.0,1.5,2.6,21.6,3,0,0.6
Kelly Olynyk,MIA,29,59,38,21,18.5,7.7,2.6,5.4,47.6,1.4,3.1,43.2,1.2,1.4,85.4,0.6,3.8,4.4,1.6,1.1,0.6,0.3,2.4,17.2,3,0,1.4
Gary Trent Jr.,POR,21,53,23,30,20.0,7.7,2.8,6.6,42.6,1.5,3.8,38.8,0.6,0.7,83.3,0.4,1.3,1.7,0.9,0.4,0.7,0.2,1.3,13.7,0,0,-2.1
Jahlil Okafor,NOP,24,28,9,19,15.1,7.6,3.1,5.1,61.1,0.0,0.1,50.0,1.3,2.1,63.8,1.6,2.6,4.3,1.3,1.3,0.3,0.7,2.3,16.2,2,0,-4.0
Marc Gasol,TOR,35,36,28,8,27.5,7.6,2.8,6.6,41.9,1.4,3.5,40.2,0.7,1.0,72.2,0.8,5.5,6.3,3.4,1.2,0.8,0.9,2.8,24.3,3,0,6.6
Jordan McLaughlin,MIN,24,30,7,23,19.7,7.6,2.9,5.9,48.9,1.0,2.5,38.2,0.9,1.3,66.7,0.2,1.4,1.6,4.2,1.0,1.1,0.1,1.0,18.6,2,0,-2.3
Omari Spellman,MIN,22,49,11,38,18.1,7.6,2.6,6.0,43.1,0.9,2.2,39.1,1.5,1.9,79.3,1.6,2.9,4.5,1.0,1.1,0.7,0.5,1.3,16.7,1,0,-2.9
Dwight Howard,LAL,34,62,49,13,19.2,7.5,3.0,4.1,73.2,0.0,0.1,60.0,1.4,2.9,49.4,2.5,4.9,7.4,0.7,1.2,0.4,1.2,3.2,21.2,8,0,2.7
Wesley Matthews,MIL,33,62,50,12,24.7,7.5,2.6,6.5,39.7,1.6,4.5,36.5,0.8,1.0,76.2,0.3,2.2,2.6,1.5,0.7,0.6,0.1,1.5,14.4,0,0,6.9
Jaxson Hayes,NOP,19,56,26,30,17.0,7.5,2.8,4.2,66.0,0.0,0.1,25.0,1.9,3.1,63.0,1.5,2.5,4.0,0.9,0.7,0.4,0.9,2.5,17.0,3,0,-0.9
J.J. Barea,DAL,35,26,13,13,15.0,7.5,2.8,6.9,41.3,1.1,2.9,38.2,0.7,0.7,94.4,0.4,1.5,1.8,3.8,1.3,0.2,0.1,1.0,14.7,0,0,1.5
Michael Porter Jr.,DEN,21,48,33,15,14.0,7.5,2.9,5.9,49.5,0.9,2.1,42.2,0.7,0.9,76.7,1.1,3.0,4.1,0.7,0.7,0.4,0.4,1.6,15.2,5,0,0.2
Ian Mahinmi,WAS,33,38,15,23,21.3,7.4,2.7,5.5,49.5,0.1,0.7,19.2,1.8,3.0,61.9,2.1,3.7,5.7,1.3,1.2,0.8,1.2,3.0,21.0,1,0,-2.1
Tyus Jones,MEM,23,65,32,33,19.0,7.4,3.0,6.6,45.9,0.7,1.9,37.9,0.7,0.9,74.1,0.1,1.4,1.6,4.4,0.8,0.9,0.1,0.7,18.1,0,0,-0.8
Ky Bowman,GSW,22,45,9,36,22.6,7.4,3.0,7.1,41.7,0.7,2.4,30.8,0.8,0.9,82.9,0.5,2.2,2.7,2.9,1.6,1.0,0.2,2.3,17.1,0,0,-3.9
Bismack Biyombo,CHA,27,53,18,35,19.4,7.4,2.8,5.2,54.3,0.0,0.0,0.0,1.7,2.8,60.3,2.3,3.5,5.8,0.9,0.9,0.2,0.9,2.2,18.2,8,0,-2.9
Gorgui Dieng,MEM,30,58,18,40,17.5,7.4,2.7,5.9,46.1,0.9,2.4,35.9,1.1,1.4,73.5,1.5,4.3,5.8,1.2,0.9,0.8,1.0,1.9,20.6,9,0,-1.7
Grayson Allen,MEM,24,30,14,16,16.6,7.4,2.6,5.9,44.9,1.1,3.0,36.3,1.0,1.2,85.7,0.2,2.0,2.2,1.4,0.8,0.2,0.0,1.2,12.1,0,0,-2.4
Brandon Knight,DET,28,25,4,21,18.5,7.3,2.4,6.7,35.3,1.8,5.2,34.4,0.8,1.4,58.8,0.2,1.5,1.6,2.8,1.5,0.4,0.1,1.6,13.5,0,0,-2.8
Kris Dunn,CHI,26,51,19,32,24.9,7.3,3.0,6.7,44.4,0.6,2.2,25.9,0.8,1.1,74.1,0.5,3.2,3.6,3.4,1.3,2.0,0.3,3.1,22.4,0,0,-0.6
Emmanuel Mudiay,UTA,24,48,32,16,15.7,7.3,2.8,6.0,47.1,0.6,1.6,35.5,1.1,1.4,75.4,0.4,2.0,2.4,2.2,1.4,0.4,0.2,1.3,14.0,0,0,0.3
Delon Wright,DAL,28,65,39,26,21.7,7.3,2.8,5.9,47.0,0.7,1.8,38.5,1.1,1.4,78.9,1.0,3.0,4.0,3.4,1.0,1.2,0.3,1.3,20.6,1,0,0.7
Willie Cauley-Stein,DAL,26,54,16,38,20.3,7.2,3.2,5.6,57.9,0.0,0.0,0.0,0.7,1.2,60.6,1.6,4.3,5.8,1.3,0.7,0.9,1.1,2.2,21.5,3,0,-2.4
Rondae Hollis-Jefferson,TOR,25,52,36,16,19.2,7.2,2.7,5.7,47.1,0.0,0.3,11.8,1.8,2.5,73.6,2.0,2.9,4.9,1.7,0.9,0.8,0.4,2.0,18.5,2,0,1.6
Michael Carter-Williams,ORL,28,42,19,23,18.4,7.2,2.5,5.8,43.4,0.5,1.6,29.4,1.7,2.1,82.8,1.0,2.3,3.3,2.4,1.1,1.1,0.5,1.9,18.3,0,0,0.5
Mason Plumlee,DEN,30,53,35,18,17.0,7.2,2.9,4.7,61.7,0.0,0.1,0.0,1.4,2.6,53.6,1.7,3.6,5.3,2.4,1.4,0.5,0.6,2.4,19.2,2,0,-0.2
P.J. Tucker,HOU,34,64,40,24,34.4,7.1,2.5,5.8,43.3,1.5,4.0,37.0,0.6,0.7,84.1,1.6,5.3,6.9,1.6,1.0,1.1,0.5,3.3,21.4,6,0,2.3
Rajon Rondo,LAL,34,48,37,11,20.5,7.1,2.9,6.8,41.8,0.9,2.6,32.8,0.6,0.9,65.9,0.5,2.5,3.0,5.0,1.9,0.8,0.0,1.2,18.9,2,0,0.9
Harry Giles III,SAC,22,38,19,19,15.2,7.0,3.1,5.4,56.0,0.0,0.0,0.0,0.9,1.1,76.7,0.9,3.3,4.2,1.3,0.9,0.6,0.4,2.6,15.8,1,0,-2.7
Denzel Valentine,CHI,26,36,12,24,13.6,6.8,2.7,6.6,40.9,1.3,3.8,33.6,0.2,0.2,75.0,0.3,1.8,2.1,1.2,0.7,0.7,0.2,1.4,13.0,0,0,-1.1
Nicolo Melli,NOP,29,52,24,28,17.1,6.8,2.4,5.3,44.2,1.3,3.5,36.1,0.8,1.2,73.3,0.7,2.3,3.0,1.3,0.8,0.6,0.4,2.0,14.4,0,0,-1.8
Ersan Ilyasova,MIL,32,56,45,11,16.0,6.8,2.4,5.2,47.2,0.8,2.2,37.1,1.1,1.3,82.7,1.1,3.9,4.9,0.8,0.6,0.4,0.3,1.6,15.4,4,0,2.2
JaVale McGee,LAL,32,61,48,13,16.8,6.8,3.0,4.6,64.0,0.0,0.1,50.0,0.8,1.2,65.3,1.8,4.0,5.8,0.6,0.8,0.5,1.5,2.4,19.9,2,0,3.1
Kyle Korver,MIL,39,50,40,10,16.7,6.7,2.2,5.2,42.9,1.7,4.1,41.5,0.6,0.7,82.4,0.3,1.8,2.1,1.2,0.8,0.4,0.2,1.4,12.2,0,0,3.0
Damyean Dotson,NYK,25,48,14,34,17.4,6.7,2.5,6.0,41.4,1.2,3.4,36.2,0.5,0.7,66.7,0.2,1.7,1.9,1.2,0.4,0.5,0.1,0.9,12.0,0,0,-1.8
Dragan Bender,GSW,22,16,10,6,17.8,6.7,2.6,5.8,44.6,0.9,2.7,34.9,0.6,0.9,71.4,1.0,3.6,4.6,1.8,1.3,0.3,0.6,2.6,15.9,0,0,-0.3
Keita Bates-Diop,DEN,24,39,10,29,17.1,6.6,2.3,5.3,42.8,0.8,2.4,33.0,1.3,1.8,71.0,0.5,2.3,2.9,0.8,0.4,0.4,0.5,1.0,13.8,0,0,-4.1
Brad Wanamaker,BOS,30,63,43,20,19.3,6.6,2.2,5.0,42.8,0.5,1.4,36.7,1.7,1.8,93.1,0.3,1.7,2.0,2.5,1.1,0.8,0.2,1.9,14.6,0,0,1.0
T.J. McConnell,IND,28,63,38,25,18.9,6.5,3.0,5.7,51.7,0.1,0.2,33.3,0.5,0.6,83.3,0.5,2.1,2.6,5.0,1.4,0.7,0.2,1.1,18.4,2,0,0.6
JaMychal Green,LAC,29,55,38,17,20.5,6.5,2.3,5.5,41.4,1.3,3.7,36.3,0.6,0.8,72.7,1.4,5.0,6.3,0.8,0.8,0.5,0.4,2.7,16.9,7,0,2.6
Allonzo Trier,NYK,24,24,2,22,12.1,6.5,2.1,4.4,48.1,0.8,2.2,35.8,1.4,1.8,79.1,0.3,1.0,1.2,1.2,0.9,0.1,0.2,1.2,9.6,0,0,-3.0
Kevin Knox II,NYK,20,65,21,44,17.9,6.4,2.2,6.2,35.9,1.0,3.1,32.7,1.0,1.6,65.3,0.4,2.4,2.8,0.9,0.7,0.4,0.4,1.6,12.9,0,0,-2.8
Trey Lyles,SAS,24,63,27,36,20.2,6.4,2.4,5.4,44.6,1.0,2.7,38.7,0.5,0.7,73.3,1.1,4.6,5.7,1.1,0.6,0.4,0.4,1.6,17.0,2,0,-0.9
CJ Miles,WAS,33,10,4,6,16.1,6.4,1.9,5.9,32.2,1.1,3.5,31.4,1.5,2.0,75.0,0.4,0.8,1.2,1.2,0.4,1.0,0.4,1.4,13.4,0,0,-0.8
Sekou Doumbouya,DET,19,38,10,28,19.8,6.4,2.4,6.2,39.0,0.7,2.6,28.6,0.8,1.2,67.4,0.5,2.6,3.1,0.5,0.9,0.5,0.2,2.1,12.2,2,0,-4.6
Kelan Martin,MIN,24,31,12,19,16.0,6.4,2.3,5.8,39.2,0.8,3.1,26.0,1.0,1.0,96.8,0.4,2.7,3.1,0.7,0.6,0.2,0.3,1.6,12.1,0,0,-0.7
Timothe Luwawu-Cabarrot,BKN,24,39,15,24,17.2,6.3,2.0,4.9,40.6,1.0,2.8,35.8,1.3,1.6,83.9,0.6,1.7,2.3,0.6,0.8,0.4,0.2,2.1,10.9,0,0,-1.9
Cory Joseph,SAC,28,64,28,36,24.0,6.3,2.4,5.8,42.0,0.7,2.1,35.1,0.8,0.9,82.8,0.6,2.0,2.5,3.4,1.0,0.7,0.3,1.9,16.6,0,0,-0.7
Chris Boucher,TOR,27,55,39,16,13.2,6.3,2.2,4.7,45.8,0.5,1.8,28.3,1.5,1.9,79.6,1.7,2.7,4.4,0.4,0.4,0.4,1.0,1.9,15.8,4,0,1.5
Boban Marjanovic,DAL,31,37,19,18,9.1,6.3,2.6,4.7,55.5,0.1,0.4,26.7,1.0,1.3,76.6,1.4,2.7,4.1,0.4,0.7,0.2,0.2,1.3,12.2,5,0,1.6
Frank Ntilikina,NYK,21,57,19,38,20.8,6.3,2.3,5.8,39.3,0.8,2.4,32.1,0.9,1.0,86.4,0.4,1.7,2.1,3.0,1.2,0.9,0.3,2.5,15.8,1,0,-1.7
Royce O'Neale,UTA,26,64,41,23,29.1,6.3,2.2,5.0,43.9,1.3,3.3,38.9,0.6,0.8,73.5,0.3,5.0,5.3,2.5,0.8,0.7,0.4,2.8,19.2,2,0,3.2
Luguentz Dort,OKC,21,29,22,7,22.0,6.2,2.2,5.4,41.4,0.8,2.5,30.1,1.0,1.2,77.8,0.5,1.3,1.9,0.7,0.5,0.8,0.1,2.7,11.6,0,0,1.7
Caleb Martin,CHA,24,18,6,12,17.6,6.2,2.1,4.7,44.0,1.1,2.1,54.1,0.9,1.2,81.0,0.6,1.6,2.1,1.3,0.8,0.7,0.4,1.8,13.0,0,0,0.3
Marvin Williams,MIL,33,52,20,32,19.4,6.1,2.1,4.8,44.2,1.0,2.8,36.1,0.9,1.0,87.0,0.4,2.5,2.8,1.1,0.5,0.7,0.5,1.8,14.1,0,0,-1.8
Hamidou Diallo,OKC,21,38,21,17,18.4,6.1,2.6,5.8,45.2,0.2,0.9,20.0,0.7,1.2,62.2,0.8,2.4,3.2,0.6,1.0,0.7,0.2,2.2,12.7,2,0,0.4
Willy Hernangomez,CHA,25,31,7,24,12.1,6.1,2.4,4.5,53.2,0.2,0.7,22.7,1.2,1.9,62.7,1.4,2.9,4.3,0.9,1.0,0.3,0.2,1.0,13.4,2,0,-0.6
Meyers Leonard,MIA,28,49,34,15,20.1,6.1,2.4,4.6,52.0,1.0,2.4,42.9,0.3,0.5,65.4,0.6,4.5,5.1,1.1,0.7,0.3,0.3,2.1,14.8,2,0,1.9
Taj Gibson,NYK,34,62,21,41,16.5,6.1,2.7,4.6,58.4,0.1,0.2,28.6,0.7,0.9,73.2,1.8,2.5,4.3,0.8,0.8,0.4,0.5,2.0,14.5,0,0,-4.2
Brandon Goodwin,ATL,24,34,13,21,12.7,6.1,2.2,5.6,40.0,0.8,2.6,29.9,0.8,0.9,93.3,0.3,1.8,2.1,1.5,0.9,0.4,0.1,1.3,11.4,0,0,-3.8
Anzejs Pasecniks,WAS,24,24,9,15,16.9,6.0,2.3,4.4,52.8,0.0,0.1,0.0,1.3,2.3,59.3,1.6,2.5,4.1,0.7,0.9,0.3,0.5,2.7,13.6,0,0,-0.1
Dusty Hannahs,MEM,26,2,0,2,6.7,6.0,2.0,4.5,44.4,1.0,1.5,66.7,1.0,1.0,100.0,0.0,0.5,0.5,0.0,0.0,0.0,0.0,0.5,6.6,0,0,2.5
Eric Mika,SAC,25,1,0,1,19.0,6.0,2.0,3.0,66.7,0.0,0.0,0.0,2.0,2.0,100.0,2.0,5.0,7.0,0.0,0.0,0.0,0.0,5.0,14.4,0,0,8.0
James Ennis III,ORL,29,61,39,22,17.3,6.0,2.1,4.8,43.5,0.8,2.3,33.8,1.0,1.3,80.8,1.0,2.3,3.3,0.9,0.7,0.5,0.3,1.8,12.9,0,0,0.0
Juancho Hernangomez,MIN,24,48,24,24,17.4,6.0,2.1,5.1,40.5,0.9,2.7,34.1,0.9,1.5,62.0,0.9,3.2,4.1,0.8,0.7,0.4,0.2,1.3,13.3,4,0,-1.1
Abdel Nader,OKC,26,48,33,15,15.8,6.0,2.1,4.6,45.5,0.8,2.2,37.1,1.0,1.3,77.4,0.3,1.6,1.9,0.7,0.8,0.4,0.4,1.4,11.1,0,0,-1.2
Luke Kornet,CHI,24,36,11,25,15.5,6.0,2.3,5.2,43.9,0.9,3.0,28.7,0.6,0.8,71.4,0.6,1.7,2.3,0.9,0.4,0.3,0.7,1.5,12.8,0,0,-1.2
Trey Burke,PHI,27,25,13,12,13.1,5.9,2.4,5.1,46.5,0.6,1.5,42.1,0.5,0.7,72.2,0.6,0.8,1.4,2.1,0.5,0.3,0.0,0.8,11.2,0,0,1.5
Wilson Chandler,BKN,32,35,16,19,21.0,5.9,2.1,5.2,40.4,1.1,3.5,30.6,0.6,0.7,87.0,0.3,3.8,4.1,1.1,1.0,0.5,0.3,2.3,13.9,0,0,-3.4
Dewayne Dedmon,ATL,30,44,17,27,17.6,5.8,2.3,5.8,40.0,0.5,2.4,20.6,0.7,0.8,83.3,1.4,4.3,5.7,0.5,1.3,0.6,0.9,3.0,16.6,3,0,-0.6
Georges Niang,UTA,26,58,38,20,13.3,5.8,2.1,4.6,45.3,1.3,3.2,41.6,0.3,0.4,86.4,0.2,1.7,1.9,0.6,0.4,0.2,0.1,1.1,9.4,0,0,-0.8
DeAndre' Bembry,ATL,25,43,10,33,21.3,5.8,2.4,5.3,45.6,0.3,1.5,23.1,0.6,1.1,54.2,0.8,2.7,3.5,1.9,1.4,1.3,0.4,2.0,16.6,2,0,-6.0
Marco Belinelli,SAS,34,52,23,29,15.0,5.8,2.0,5.2,39.1,1.1,3.0,36.8,0.6,0.8,78.0,0.1,1.7,1.7,1.2,0.3,0.2,0.0,0.8,10.0,0,0,0.6
Maurice Harkless,NYK,26,62,39,23,23.0,5.8,2.3,4.6,50.2,0.5,1.6,34.7,0.6,1.1,59.1,0.9,3.0,3.9,1.1,0.9,0.9,0.5,2.4,15.6,0,0,0.3
Skal Labissiere,ATL,24,33,14,19,17.2,5.8,2.5,4.5,55.1,0.1,0.4,23.1,0.8,1.0,75.8,2.0,3.2,5.1,1.3,0.9,0.2,0.9,2.7,16.4,1,0,0.4
Dwayne Bacon,CHA,24,39,10,29,17.6,5.7,2.2,6.3,34.8,0.5,1.7,28.4,0.9,1.4,66.0,0.4,2.2,2.6,1.3,0.9,0.6,0.1,1.3,11.8,0,0,-3.4
Tyler Johnson,PHX,27,31,11,20,16.6,5.7,2.1,5.5,38.0,0.8,2.7,28.9,0.8,1.0,75.0,0.3,1.4,1.7,1.6,0.8,0.4,0.3,1.4,11.3,0,0,-3.3
Mike Scott,PHI,31,63,37,26,17.8,5.7,2.1,5.1,40.8,1.2,3.2,35.8,0.4,0.5,83.3,0.9,2.7,3.6,0.8,0.4,0.3,0.1,1.3,11.9,0,0,1.7
Kyle Anderson,MEM,26,59,30,29,19.3,5.7,2.3,4.7,49.3,0.3,1.1,25.8,0.7,1.1,65.2,0.9,3.4,4.4,2.2,0.9,0.8,0.5,1.4,17.2,0,0,-1.7
Justin Jackson,DAL,25,58,36,22,16.0,5.7,2.1,5.4,39.9,0.8,2.6,29.8,0.6,0.8,81.8,0.5,2.0,2.4,0.8,0.2,0.2,0.2,1.0,10.8,0,0,0.2
Lonnie Walker IV,SAS,21,53,24,29,14.5,5.6,2.2,5.0,43.4,0.5,1.3,40.8,0.7,1.0,71.7,0.4,1.8,2.2,0.9,0.6,0.5,0.2,1.3,11.3,0,0,-0.4
Frank Jackson,NOP,22,51,24,27,12.9,5.6,1.9,5.0,38.5,0.8,2.4,32.5,0.9,1.3,75.0,0.4,1.0,1.4,0.8,0.8,0.3,0.1,1.3,8.7,0,0,-1.6
Damian Jones,ATL,24,55,15,40,16.1,5.6,2.2,3.2,68.0,0.0,0.2,22.2,1.1,1.5,73.8,1.3,2.4,3.7,0.6,0.5,0.5,0.7,2.7,14.1,0,0,-4.7
Jalen McDaniels,CHA,22,16,7,9,18.3,5.6,2.1,4.4,47.1,0.6,1.5,37.5,0.9,1.1,82.4,0.9,3.1,4.1,0.8,0.7,0.5,0.2,2.3,13.0,0,0,-1.4
Mo Bamba,ORL,21,60,28,32,14.5,5.5,2.2,4.7,46.8,0.6,1.7,35.6,0.5,0.8,67.4,1.6,3.4,5.0,0.7,0.7,0.4,1.4,1.9,17.2,2,0,0.7
John Henson,DET,29,40,8,32,15.0,5.5,2.4,4.3,55.6,0.2,0.9,22.2,0.6,1.2,50.0,1.2,2.9,4.1,1.4,0.9,0.6,1.1,2.0,16.5,1,0,-0.5
Dennis Smith Jr.,NYK,22,34,7,27,15.8,5.5,2.1,6.2,34.1,0.5,1.6,29.6,0.8,1.6,50.9,0.6,1.7,2.3,2.9,1.7,0.8,0.2,1.9,14.0,0,0,-5.7
Robin Lopez,MIL,32,60,49,11,14.4,5.5,2.3,4.6,50.2,0.6,1.6,34.4,0.4,0.7,53.5,0.9,1.6,2.4,0.7,0.9,0.2,0.7,1.3,11.1,0,0,0.7
Alex Caruso,LAL,26,58,45,13,17.8,5.4,1.9,4.5,42.3,0.7,1.8,35.5,1.0,1.3,76.3,0.2,1.7,1.9,1.8,0.8,1.0,0.3,1.5,13.6,0,0,3.9
Garrison Mathews,WAS,23,18,8,10,12.6,5.4,1.3,3.1,42.9,1.1,2.6,41.3,1.7,1.9,91.2,0.3,1.0,1.3,0.6,0.4,0.4,0.1,1.8,8.9,0,0,1.9
Solomon Hill,MIA,29,54,28,26,18.4,5.4,1.9,4.6,40.3,1.1,2.9,37.8,0.6,0.8,71.4,0.5,2.4,2.9,1.8,0.9,0.7,0.2,1.4,13.3,0,0,-1.1
Juan Toscano-Anderson,GSW,27,13,3,10,20.9,5.3,2.2,4.8,46.0,0.6,1.8,34.8,0.2,0.4,60.0,0.7,3.3,4.0,2.0,1.2,1.0,0.4,2.3,16.0,0,0,-6.1
Jakob Poeltl,SAS,24,58,25,33,16.6,5.3,2.3,3.8,61.9,0.0,0.0,0.0,0.6,1.3,48.6,1.8,3.6,5.3,1.8,0.8,0.5,1.4,1.7,19.4,2,0,1.0
Wes Iwundu,ORL,25,45,21,24,18.0,5.3,1.7,4.3,39.7,0.5,1.5,31.3,1.4,1.7,81.6,0.5,2.0,2.5,1.0,0.4,0.6,0.2,1.4,11.8,0,0,0.6
David Nwaba,BKN,27,20,8,12,13.4,5.2,1.9,3.6,52.1,0.6,1.4,42.9,0.9,1.4,66.7,0.4,1.9,2.3,0.4,0.4,0.6,0.6,1.6,11.6,0,0,1.8
Nickeil Alexander-Walker,NOP,21,41,18,23,12.2,5.1,1.9,5.5,33.9,1.0,2.9,34.2,0.4,0.7,60.7,0.2,1.8,2.0,1.8,1.0,0.3,0.2,1.1,10.5,0,0,-1.5
Daniel Gafford,CHI,21,43,15,28,14.2,5.1,2.2,3.1,70.1,0.0,0.0,0.0,0.7,1.4,53.3,1.2,1.3,2.5,0.5,0.7,0.3,1.3,2.3,12.9,0,0,-0.7
Wayne Ellington,NYK,32,36,9,27,15.5,5.1,1.7,4.8,35.1,1.4,4.0,35.0,0.3,0.4,84.6,0.1,1.7,1.8,1.2,0.5,0.4,0.1,1.1,10.0,0,0,-0.5
Pat Connaughton,MIL,27,61,51,10,18.3,5.1,2.0,4.3,45.6,0.7,2.2,32.1,0.4,0.6,75.0,0.9,3.3,4.2,1.6,0.8,0.3,0.5,1.0,14.2,0,0,1.4
Kadeem Allen,NYK,27,10,3,7,11.7,5.0,1.9,4.4,43.2,0.5,1.6,31.3,0.7,1.1,63.6,0.2,0.7,0.9,2.1,0.8,0.5,0.2,0.7,10.5,0,0,-2.1
Vince Carter,ATL,43,60,19,41,14.6,5.0,1.8,5.1,35.2,1.0,3.4,30.2,0.4,0.5,79.3,0.3,1.8,2.1,0.8,0.6,0.4,0.4,1.5,10.5,0,0,-2.1
Torrey Craig,DEN,29,50,35,15,17.4,5.0,1.9,4.2,46.2,0.7,2.2,33.0,0.4,0.6,64.5,1.0,2.2,3.1,0.7,0.4,0.4,0.6,2.2,12.3,2,0,-2.8
Cody Martin,CHA,24,48,16,32,18.8,5.0,1.9,4.3,43.0,0.4,1.6,23.4,0.9,1.4,64.6,0.8,2.5,3.3,2.0,0.9,0.8,0.2,1.6,14.0,0,0,-1.4
Sterling Brown,MIL,25,45,36,9,14.8,5.0,1.8,4.8,36.7,0.8,2.5,31.6,0.6,0.8,77.1,0.6,3.0,3.7,1.0,0.8,0.5,0.2,1.0,12.0,1,0,2.1
Chris Clemons,HOU,22,29,18,11,8.7,4.9,1.8,4.3,40.5,1.1,3.2,35.1,0.2,0.2,85.7,0.1,0.7,0.8,0.8,0.6,0.2,0.2,0.7,7.5,0,0,-1.5
Shaquille Harrison,CHI,26,43,14,29,11.3,4.9,1.8,3.8,46.7,0.4,1.0,38.1,0.9,1.2,78.0,0.5,1.5,2.0,1.1,0.4,0.8,0.4,1.3,12.2,1,0,1.4
Quinn Cook,LAL,27,38,30,8,10.8,4.8,2.0,4.6,43.9,0.7,1.7,37.9,0.2,0.2,66.7,0.2,0.9,1.1,1.1,0.7,0.3,0.0,0.6,7.9,0,0,2.2
Cheick Diallo,PHX,23,44,17,27,10.6,4.8,2.0,3.1,65.0,0.0,0.0,50.0,0.7,0.8,86.5,0.6,2.3,2.9,0.5,0.7,0.2,0.3,1.2,9.8,1,0,-1.2
Mario Hezonja,POR,25,47,20,27,16.3,4.8,1.7,4.0,42.9,0.4,1.4,32.8,0.9,1.1,82.4,0.6,2.9,3.4,0.9,0.8,0.6,0.2,2.0,11.8,1,0,-3.2
Matisse Thybulle,PHI,23,57,36,21,19.5,4.7,1.7,4.1,41.0,0.9,2.5,35.2,0.4,0.7,61.0,0.6,0.9,1.5,1.2,0.8,1.4,0.7,2.1,13.9,0,0,0.4
Thon Maker,DET,23,60,20,40,12.9,4.7,1.6,3.2,48.2,0.4,1.1,34.4,1.2,1.8,66.4,0.9,1.9,2.8,0.7,0.8,0.4,0.7,1.7,11.5,2,0,-2.4
Naz Mitrou-Long,IND,26,3,2,1,14.2,4.7,2.0,5.3,37.5,0.7,3.7,18.2,0.0,0.0,0.0,0.0,2.0,2.0,2.3,0.7,0.3,0.3,0.3,11.9,0,0,6.0
Tony Bradley,UTA,22,50,33,17,10.7,4.7,2.1,3.1,66.5,0.0,0.0,100.0,0.5,0.8,65.0,1.8,2.5,4.3,0.3,0.5,0.2,0.5,2.0,12.1,0,0,0.4
Isaiah Hartenstein,HOU,21,23,16,7,11.6,4.7,1.9,2.9,65.7,0.0,0.2,0.0,0.8,1.2,67.9,1.3,2.7,3.9,0.8,0.7,0.4,0.5,1.8,12.6,2,0,1.7
Allen Crabbe,MIN,28,37,5,32,17.6,4.6,1.7,4.8,35.6,1.0,3.2,30.3,0.3,0.4,71.4,0.3,1.8,2.1,0.9,0.5,0.4,0.1,1.3,9.6,0,0,-6.0
Jevon Carter,PHX,24,50,21,29,15.1,4.6,1.6,4.1,40.0,0.9,2.3,39.3,0.4,0.5,84.0,0.5,1.5,2.0,1.3,0.6,0.8,0.3,1.5,11.4,0,0,-1.7
Mike Muscala,OKC,28,41,23,18,12.0,4.6,1.6,3.9,40.3,1.0,2.9,35.8,0.4,0.5,81.8,0.3,2.0,2.3,0.8,0.3,0.2,0.3,1.2,9.7,0,0,-0.4
Patrick McCaw,TOR,24,37,27,10,24.5,4.6,1.8,4.4,41.4,0.6,1.9,32.4,0.4,0.5,72.2,0.5,1.8,2.3,2.1,0.8,1.1,0.1,1.6,13.3,1,0,0.1
Patrick Patterson,LAC,31,51,34,17,11.9,4.6,1.5,3.7,40.4,1.1,2.8,38.7,0.5,0.7,79.4,0.6,1.8,2.4,0.6,0.4,0.1,0.1,0.8,8.5,0,0,1.3
Isaac Bonga,WAS,20,58,21,37,17.7,4.6,1.7,3.2,52.2,0.4,0.9,40.0,0.9,1.1,81.3,1.1,2.1,3.2,1.1,0.7,0.6,0.4,2.3,12.2,0,0,0.4
Edmond Sumner,IND,24,25,11,14,13.8,4.6,1.9,4.4,42.3,0.4,1.5,26.3,0.4,0.6,66.7,0.4,1.1,1.5,1.6,0.8,0.6,0.3,1.4,10.7,0,0,-1.2
Keldon Johnson,SAS,20,9,3,6,10.2,4.6,1.8,3.4,51.6,0.2,0.6,40.0,0.8,1.1,70.0,0.6,1.3,1.9,0.7,0.3,0.6,0.1,1.0,9.5,0,0,2.7
Alfonzo McKinnie,CLE,27,40,11,29,14.8,4.6,1.8,4.3,42.7,0.4,1.6,21.5,0.6,0.8,71.0,0.9,1.9,2.8,0.4,0.7,0.6,0.2,1.8,10.1,1,0,-2.3
Matt Thomas,TOR,25,33,24,9,9.7,4.5,1.6,3.4,48.6,1.1,2.3,46.7,0.2,0.3,70.0,0.2,1.2,1.5,0.5,0.4,0.2,0.0,0.9,7.4,0,0,0.7
Dante Exum,CLE,24,35,10,25,13.9,4.5,1.6,3.4,47.1,0.4,1.2,34.9,0.9,1.2,74.4,0.3,1.6,1.9,1.1,0.9,0.4,0.2,1.1,9.5,0,0,-3.1
Ryan Arcidiacono,CHI,26,58,21,37,16.0,4.5,1.6,3.8,40.9,0.9,2.4,39.1,0.5,0.7,71.1,0.3,1.6,1.9,1.7,0.6,0.5,0.1,1.7,10.2,0,0,-1.4
Darius Bazley,OKC,19,53,32,21,17.2,4.5,1.7,4.3,38.3,0.6,1.9,30.0,0.6,0.9,68.1,0.4,3.3,3.7,0.5,0.8,0.4,0.7,0.8,12.1,0,0,-1.2
Courtney Lee,DAL,34,24,15,9,14.4,4.5,1.7,3.4,48.8,0.9,2.0,44.7,0.3,0.3,85.7,0.3,1.0,1.3,0.5,0.5,0.8,0.3,1.4,9.4,0,0,1.6
Treveon Graham,ATL,26,55,21,34,16.9,4.4,1.6,4.4,36.0,0.6,2.2,27.5,0.7,1.0,64.3,0.9,1.8,2.7,0.8,0.5,0.4,0.1,1.9,10.0,0,0,-2.7
Jacob Evans,MIN,22,29,8,21,14.4,4.4,1.6,4.6,33.6,0.4,1.3,33.3,0.9,1.0,86.2,0.3,1.1,1.4,1.1,0.9,0.4,0.4,1.4,9.2,0,0,-3.5
Nicolas Claxton,BKN,21,15,5,10,12.5,4.4,1.8,3.2,56.3,0.1,0.5,14.3,0.7,1.4,52.4,1.3,1.7,2.9,1.1,0.6,0.1,0.5,0.9,10.7,0,0,-4.5
Ante Zizic,CLE,23,22,4,18,10.0,4.4,1.9,3.3,56.9,0.0,0.0,0.0,0.6,0.9,73.7,0.8,2.2,3.0,0.3,0.5,0.3,0.2,1.2,9.6,1,0,0.6
Andre Iguodala,MIA,36,14,7,7,18.5,4.4,1.8,3.6,49.0,0.6,1.7,37.5,0.1,0.6,25.0,0.7,3.1,3.8,2.0,1.2,0.6,1.1,2.0,15.8,0,0,-1.7
Al-Farouq Aminu,ORL,29,18,7,11,21.1,4.3,1.4,4.8,29.1,0.5,2.0,25.0,1.1,1.6,65.5,1.3,3.5,4.8,1.2,0.9,1.0,0.4,1.5,15.3,1,0,-1.9
Raul Neto,PHI,27,49,27,22,11.5,4.3,1.6,3.6,45.1,0.6,1.4,39.4,0.5,0.6,83.9,0.2,0.8,1.1,1.6,0.9,0.4,0.1,0.9,8.8,0,0,0.4
Bruno Fernando,ATL,21,56,18,38,12.7,4.3,1.8,3.6,51.8,0.1,0.7,13.5,0.5,0.9,56.9,1.2,2.3,3.5,0.9,0.8,0.3,0.3,1.9,11.0,1,0,-1.7
Robert Williams III,BOS,22,23,15,8,14.0,4.3,1.8,2.7,67.7,0.0,0.0,0.0,0.6,1.1,56.0,1.5,3.2,4.7,1.0,0.9,0.9,1.2,1.7,16.7,0,0,-0.2
Dzanan Musa,BKN,20,35,17,18,11.5,4.2,1.4,4.0,36.0,0.4,1.9,23.1,0.9,1.3,75.0,0.5,1.5,2.0,0.9,0.8,0.4,0.0,0.7,8.4,0,0,-1.2
Alen Smailagic,GSW,19,14,1,13,9.9,4.2,1.4,2.9,50.0,0.2,0.9,23.1,1.1,1.4,84.2,0.7,1.2,1.9,0.9,0.8,0.2,0.3,1.0,8.6,0,0,-0.6
Yogi Ferrell,SAC,26,44,17,27,11.0,4.2,1.5,3.8,39.6,0.4,1.6,27.5,0.7,0.8,86.5,0.1,1.0,1.1,1.3,0.6,0.3,0.1,0.7,8.2,0,0,-0.6
JaKarr Sampson,IND,27,26,15,11,13.1,4.2,1.8,3.1,59.3,0.1,0.5,15.4,0.4,0.8,55.0,0.6,1.7,2.3,0.3,0.3,0.3,0.3,1.7,9.2,0,0,0.6
Terrance Ferguson,OKC,21,50,30,20,23.4,4.2,1.5,4.0,37.2,0.9,3.1,29.7,0.3,0.4,78.9,0.5,1.0,1.5,0.9,0.6,0.5,0.3,2.9,9.2,0,0,-2.3
Ryan Broekhoff,DAL,29,17,10,7,10.6,4.2,1.3,3.5,37.3,1.2,3.0,39.2,0.4,0.5,87.5,0.3,2.2,2.5,0.6,0.4,0.3,0.2,0.9,9.4,0,0,0.5
Iman Shumpert,BKN,29,13,9,4,18.5,4.2,1.6,4.9,32.8,0.6,2.5,24.2,0.3,0.5,57.1,0.7,1.9,2.6,0.9,0.8,0.9,0.2,1.6,11.1,0,0,-4.0
Rodions Kurucs,BKN,22,39,13,26,12.8,4.2,1.5,3.4,44.8,0.6,1.7,38.5,0.4,0.7,60.7,0.5,2.0,2.5,0.8,0.9,0.4,0.1,1.7,9.0,0,0,-0.7
Troy Daniels,DEN,28,42,32,10,10.9,4.1,1.5,3.8,39.0,1.0,2.7,35.4,0.2,0.4,62.5,0.3,0.8,1.1,0.3,0.2,0.2,0.1,0.7,6.5,0,0,0.0
PJ Dozier,DEN,23,21,15,6,11.1,4.1,1.7,4.3,39.6,0.3,1.3,25.0,0.3,0.5,63.6,0.2,1.2,1.4,1.4,0.5,0.3,0.2,1.3,9.1,0,0,-0.5
Marko Guduric,MEM,25,42,18,24,11.3,4.0,1.5,3.7,39.6,0.6,1.9,30.9,0.5,0.6,92.0,0.3,1.4,1.7,1.1,0.9,0.3,0.2,0.8,8.3,0,0,-0.9
Chris Chiozza,BKN,24,21,9,12,11.8,4.0,1.5,3.8,40.5,0.9,2.0,43.9,0.1,0.1,100.0,0.3,1.4,1.7,2.3,0.8,0.7,0.1,1.1,11.0,0,0,3.0
Elie Okobo,PHX,22,54,22,32,13.1,4.0,1.3,3.4,39.8,0.5,1.3,35.2,0.9,1.2,68.7,0.3,1.3,1.6,2.1,0.7,0.4,0.1,1.0,9.9,0,0,-1.2
Cristiano Felicio,CHI,27,22,6,16,17.5,3.9,1.5,2.5,63.0,0.0,0.1,0.0,0.8,1.0,78.3,2.5,2.1,4.6,0.7,0.8,0.5,0.1,1.5,11.4,0,0,-2.6
Gary Payton II,WAS,27,29,13,16,14.9,3.9,1.7,4.0,41.4,0.4,1.6,28.3,0.1,0.3,50.0,0.9,1.9,2.8,1.7,0.7,1.1,0.2,1.9,13.1,1,0,-4.8
Noah Vonleh,DEN,24,33,13,20,11.0,3.8,1.5,2.7,56.2,0.1,0.5,20.0,0.7,0.9,80.0,1.1,2.6,3.7,0.8,0.6,0.3,0.2,1.2,10.5,0,0,-1.6
Khem Birch,ORL,27,40,16,24,19.4,3.8,1.4,2.9,48.7,0.0,0.0,0.0,1.0,1.7,61.2,1.8,2.8,4.5,0.9,0.6,0.4,0.5,1.8,12.7,0,0,-2.4
Jaylen Nowell,MIN,20,15,2,13,10.1,3.8,1.3,3.5,35.8,0.2,1.7,11.5,1.1,1.1,94.1,0.2,0.7,0.9,1.3,0.2,0.2,0.1,0.7,7.3,0,0,0.7
Kenrich Williams,NOP,25,35,12,23,22.3,3.8,1.4,4.1,34.3,0.7,2.7,26.0,0.3,0.7,37.5,1.4,3.7,5.1,1.5,0.6,0.7,0.6,2.3,15.5,0,0,-1.4
Jerome Robinson,WAS,23,55,35,20,13.6,3.7,1.4,3.9,34.7,0.6,1.9,29.8,0.4,0.5,69.0,0.2,1.8,1.9,1.2,0.6,0.4,0.3,1.5,9.1,0,0,0.5
Drew Eubanks,SAS,23,14,8,6,9.3,3.6,1.5,2.0,75.0,0.1,0.1,100.0,0.6,0.8,72.7,0.6,1.9,2.5,0.4,0.7,0.1,0.4,1.5,8.2,0,0,-3.1
Theo Pinson,BKN,24,33,15,18,11.1,3.6,1.4,4.7,29.0,0.5,2.4,18.8,0.5,0.5,93.8,0.3,1.3,1.6,1.7,1.0,0.5,0.1,1.1,9.1,0,0,-1.2
Tim Frazier,DET,29,27,9,18,13.1,3.6,1.3,3.5,36.2,0.4,1.1,33.3,0.7,0.9,79.2,0.3,0.9,1.2,3.4,1.3,0.5,0.1,1.6,10.9,0,0,-2.0
Nicolas Batum,CHA,31,22,6,16,23.0,3.6,1.3,3.7,34.6,0.6,2.2,28.6,0.4,0.5,90.0,1.1,3.4,4.5,3.0,1.0,0.8,0.4,1.9,16.0,0,0,-2.2
Nassir Little,POR,20,48,22,26,11.9,3.6,1.4,3.1,43.0,0.3,1.2,23.7,0.6,0.9,63.6,0.6,1.6,2.3,0.5,0.3,0.3,0.3,1.5,8.3,1,0,-1.1
Grant Williams,BOS,21,62,43,19,15.6,3.5,1.3,3.1,41.7,0.3,1.4,24.7,0.6,0.8,72.5,0.9,1.7,2.7,1.0,0.7,0.5,0.5,2.4,10.4,0,0,2.4
Anthony Tolliver,MEM,34,47,22,25,15.6,3.5,1.1,3.3,34.8,0.8,2.6,32.2,0.4,0.5,72.0,0.6,2.2,2.8,0.7,0.6,0.3,0.2,1.4,9.0,1,0,-2.3
Mfiondu Kabengele,LAC,22,12,9,3,5.4,3.5,1.2,2.7,43.8,0.8,1.7,45.0,0.4,0.4,100.0,0.1,0.8,0.9,0.2,0.2,0.2,0.2,0.8,5.7,0,0,-0.1
Ty Jerome,PHX,22,28,13,15,11.2,3.5,1.3,3.8,34.9,0.5,1.7,27.7,0.4,0.5,78.6,0.2,1.3,1.5,1.5,0.6,0.5,0.1,1.0,8.7,0,0,-3.8
DeMarre Carroll,HOU,33,21,10,11,11.0,3.5,1.0,2.6,38.9,0.3,1.3,25.9,1.1,1.7,66.7,0.5,1.7,2.2,0.9,0.8,0.2,0.2,1.3,7.8,0,0,1.7
John Konchar,MEM,24,15,7,8,11.1,3.4,1.5,2.3,65.7,0.3,0.6,44.4,0.1,0.1,50.0,1.2,1.9,3.1,1.4,0.4,0.5,0.2,0.5,10.8,0,0,2.1
Kevon Looney,GSW,24,20,6,14,13.1,3.4,1.5,4.0,36.7,0.1,0.7,7.1,0.5,0.6,75.0,1.4,1.9,3.3,1.0,0.6,0.6,0.3,1.7,11.0,0,0,-5.0
Kyle O'Quinn,PHI,30,26,17,9,9.9,3.3,1.3,2.8,48.6,0.3,0.9,30.4,0.4,0.7,52.6,1.2,2.5,3.8,1.3,0.7,0.2,0.8,1.3,12.3,1,0,-1.8
Tremont Waters,BOS,22,10,8,2,8.9,3.3,1.2,3.5,34.3,0.3,1.7,17.6,0.6,0.6,100.0,0.0,0.9,0.9,1.2,1.0,0.5,0.2,1.1,7.3,0,0,2.7
Evan Turner,MIN,31,19,3,16,13.2,3.3,1.3,3.5,37.3,0.0,0.3,0.0,0.6,0.7,85.7,0.4,1.6,2.0,2.0,1.4,0.5,0.4,1.1,10.0,0,0,-3.4
D.J. Wilson,MIL,24,31,27,4,9.0,3.2,1.3,3.3,39.6,0.5,1.8,25.5,0.2,0.3,66.7,0.3,1.9,2.2,0.7,0.5,0.1,0.2,0.8,7.1,0,0,-1.2
Jordan Bell,MEM,25,29,8,21,8.8,3.2,1.2,2.3,52.2,0.1,0.4,33.3,0.7,1.1,61.3,1.0,1.8,2.8,0.6,0.7,0.1,0.3,0.7,8.0,0,0,-0.3
Gary Clark,ORL,25,35,20,15,12.1,3.2,1.1,2.9,37.6,0.8,2.5,32.6,0.2,0.3,88.9,0.8,1.7,2.4,0.4,0.1,0.1,0.4,0.9,8.2,0,0,-0.2
Johnathan Williams,WAS,24,11,6,5,12.3,3.2,1.5,2.3,64.0,0.0,0.2,0.0,0.3,0.5,60.0,1.4,2.5,3.9,0.5,0.4,0.1,0.5,1.0,10.2,0,0,-4.3
Rodney McGruder,LAC,28,50,33,17,15.0,3.2,1.2,3.1,39.1,0.4,1.6,27.8,0.3,0.6,53.6,0.5,2.0,2.6,0.6,0.4,0.5,0.2,1.3,8.6,0,0,0.0
Tacko Fall,BOS,24,6,5,1,4.0,3.2,1.5,2.0,75.0,0.0,0.0,0.0,0.2,0.5,33.3,0.0,1.8,1.8,0.0,0.5,0.0,0.3,0.8,5.9,0,0,1.2
Semi Ojeleye,BOS,25,61,41,20,14.6,3.1,1.1,2.6,40.9,0.6,1.6,36.7,0.4,0.5,89.3,0.4,1.6,2.0,0.5,0.2,0.3,0.1,1.0,7.3,0,0,-0.1
Matthew Dellavedova,CLE,29,57,17,40,14.4,3.1,1.1,3.1,35.4,0.4,1.6,23.1,0.6,0.6,86.5,0.3,1.0,1.3,3.2,1.0,0.4,0.0,1.4,9.5,1,0,-0.2
Goga Bitadze,IND,20,49,29,20,8.4,3.1,1.2,2.6,47.3,0.1,0.7,16.7,0.5,0.7,72.7,0.4,1.5,2.0,0.4,0.5,0.1,0.7,1.2,7.9,1,0,-0.4
Admiral Schofield,WAS,23,27,9,18,10.8,3.1,1.1,2.8,40.0,0.5,1.7,29.8,0.3,0.5,69.2,0.2,1.0,1.3,0.5,0.3,0.3,0.1,1.5,6.3,0,0,-1.3
Carsen Edwards,BOS,22,35,24,11,9.0,3.0,1.1,3.2,32.7,0.6,1.9,30.9,0.3,0.4,84.6,0.2,1.1,1.2,0.6,0.4,0.3,0.1,0.9,6.1,0,0,-1.3
Chris Silva,MIA,23,41,27,14,7.5,2.9,1.0,1.7,62.3,0.0,0.0,0.0,0.8,1.2,69.4,1.3,1.3,2.7,0.5,0.8,0.2,0.4,2.0,8.1,0,0,-0.7
Jaylen Hoard,POR,21,13,7,6,7.9,2.9,1.2,2.5,46.9,0.0,0.2,0.0,0.6,1.0,61.5,1.1,1.4,2.5,0.3,0.3,0.4,0.0,0.9,7.2,0,0,0.8
Adam Mokoka,CHI,21,11,3,8,10.2,2.9,1.1,2.5,42.9,0.5,1.4,40.0,0.2,0.4,50.0,0.6,0.3,0.9,0.4,0.2,0.4,0.0,1.5,5.5,0,0,4.5
Javonte Green,BOS,26,44,30,14,9.4,2.9,1.1,2.2,50.0,0.1,0.5,26.1,0.5,0.8,63.9,0.4,1.4,1.8,0.5,0.4,0.5,0.2,0.8,7.5,0,0,-0.1
TJ Leaf,IND,23,25,14,11,7.7,2.9,1.2,2.8,43.5,0.2,0.6,35.7,0.3,0.5,58.3,0.8,1.7,2.6,0.2,0.3,0.3,0.1,0.7,7.4,1,0,-0.1
Chimezie Metu,SAS,23,16,7,9,4.5,2.9,1.3,2.2,57.1,0.0,0.1,0.0,0.4,0.5,75.0,0.6,1.0,1.6,0.4,0.3,0.1,0.3,0.3,6.0,0,0,0.8
Tyrone Wallace,ATL,25,14,3,11,11.5,2.9,1.0,3.1,31.8,0.1,1.1,6.7,0.8,1.2,64.7,0.2,1.4,1.6,0.9,0.7,0.5,0.1,1.4,7.1,0,0,-2.3
Chandler Parsons,ATL,31,5,0,5,10.8,2.8,1.0,3.6,27.8,0.8,2.8,28.6,0.0,0.0,0.0,0.2,1.2,1.4,0.6,0.6,0.8,0.2,0.6,7.8,0,0,-8.0
Deonte Burton,OKC,26,34,20,14,8.4,2.8,1.1,3.1,37.1,0.3,1.4,21.7,0.2,0.4,50.0,0.2,1.2,1.4,0.3,0.4,0.1,0.3,0.8,5.9,0,0,-2.3
Bruno Caboclo,HOU,24,27,10,17,8.1,2.7,1.2,2.9,41.6,0.1,1.0,14.3,0.1,0.2,80.0,0.8,1.1,2.0,0.4,0.3,0.4,0.6,0.9,8.5,1,0,-0.6
Romeo Langford,BOS,20,27,19,8,11.0,2.6,0.9,2.4,37.5,0.2,0.9,21.7,0.6,0.9,69.6,0.5,0.7,1.2,0.2,0.3,0.3,0.2,1.1,5.5,0,0,1.8
Jalen Lecque,PHX,19,4,1,3,6.6,2.5,1.0,2.5,40.0,0.0,1.0,0.0,0.5,0.5,100.0,0.0,0.0,0.0,0.5,0.3,0.0,0.0,0.5,3.0,0,0,-5.5
Justin James,SAC,23,34,13,21,6.4,2.5,1.0,2.3,42.3,0.3,0.8,34.6,0.3,0.6,47.6,0.2,0.7,0.9,0.5,0.2,0.2,0.3,0.5,5.4,0,0,-0.6
Max Strus,CHI,24,2,0,2,3.1,2.5,1.0,1.5,66.7,0.0,0.5,0.0,0.5,0.5,100.0,0.5,0.0,0.5,0.0,0.0,0.0,0.0,0.5,3.1,0,0,7.5
Ryan Anderson,HOU,31,2,1,1,7.0,2.5,1.0,3.5,28.6,0.5,2.5,20.0,0.0,0.0,0.0,0.0,3.5,3.5,1.0,0.5,0.5,0.0,0.5,9.2,0,0,3.5
Thanasis Antetokounmpo,MIL,27,18,15,3,5.2,2.5,1.1,2.0,52.8,0.0,0.4,0.0,0.4,0.8,46.7,0.6,0.4,1.1,0.5,0.6,0.3,0.1,0.7,5.2,0,0,-1.3
Michael Kidd-Gilchrist,DAL,26,21,10,11,11.0,2.5,0.9,2.9,31.7,0.2,1.0,25.0,0.4,0.5,81.8,0.6,2.0,2.6,0.6,0.6,0.1,0.2,1.5,6.9,0,0,0.1
Caleb Swanigan,POR,23,27,12,15,10.7,2.4,1.0,1.7,59.6,0.0,0.1,0.0,0.3,0.6,52.9,1.0,2.7,3.7,1.1,1.4,0.1,0.3,2.3,8.3,0,0,-1.6
Frank Mason,MIL,26,6,5,1,8.8,2.3,0.8,3.2,26.3,0.3,1.7,20.0,0.3,0.7,50.0,0.5,0.8,1.3,1.8,1.0,0.3,0.0,0.7,6.7,0,0,-1.3
Shamorie Ponds,TOR,21,4,4,0,2.6,2.3,0.8,1.3,60.0,0.3,0.5,50.0,0.5,0.5,100.0,0.0,0.3,0.3,0.5,0.0,0.0,0.3,0.5,4.1,0,0,0.0
Thabo Sefolosha,HOU,36,41,27,14,10.6,2.2,0.9,2.2,40.7,0.4,1.3,27.8,0.1,0.2,37.5,0.5,1.8,2.3,0.6,0.4,0.6,0.3,1.0,8.1,0,0,0.9
Amir Coffey,LAC,22,13,7,6,7.5,2.2,1.0,2.5,39.4,0.1,0.5,14.3,0.1,0.2,33.3,0.3,0.8,1.1,0.7,0.2,0.1,0.1,0.9,4.7,0,0,-0.6
Johnathan Motley,LAC,25,13,8,5,3.2,2.2,0.8,1.2,73.3,0.1,0.1,100.0,0.4,0.5,71.4,0.2,0.5,0.8,0.6,0.4,0.2,0.0,0.5,4.3,0,0,0.2
Wenyen Gabriel,POR,23,28,9,19,7.5,2.1,0.7,1.6,43.5,0.2,0.7,30.0,0.5,0.7,70.0,0.6,1.0,1.6,0.3,0.6,0.4,0.2,1.3,5.7,0,0,-1.6
Khyri Thomas,DET,23,8,2,6,7.7,2.1,0.6,2.1,29.4,0.6,1.8,35.7,0.3,0.5,50.0,0.1,0.0,0.1,0.4,0.4,0.4,0.0,1.1,3.6,0,0,-4.5
Norvel Pelle,PHI,27,20,11,9,8.9,2.1,0.9,1.8,51.4,0.0,0.0,0.0,0.3,0.6,50.0,0.8,2.2,3.0,0.4,0.7,0.1,1.3,2.0,9.5,0,0,-3.1
Derrick Walton Jr.,DET,25,26,15,11,9.6,2.0,0.7,1.5,46.2,0.4,0.9,41.7,0.3,0.3,77.8,0.1,0.5,0.6,1.0,0.2,0.3,0.0,0.8,5.0,0,0,-0.3
Charles Brown Jr.,ATL,23,10,1,9,4.0,2.0,0.6,1.9,31.6,0.3,0.9,33.3,0.5,0.5,100.0,0.2,0.2,0.4,0.2,0.3,0.2,0.2,0.3,3.7,0,0,2.8
Gabe Vincent,MIA,23,6,4,2,6.9,2.0,0.7,3.2,21.1,0.7,2.7,25.0,0.0,0.0,0.0,0.0,0.5,0.5,0.5,0.0,0.2,0.0,0.3,3.9,0,0,-1.0
Louis King,DET,21,10,3,7,6.2,2.0,0.8,2.1,38.1,0.4,1.1,36.4,0.0,0.3,0.0,0.1,0.9,1.0,0.5,0.2,0.2,0.0,1.0,4.4,0,0,1.9
Malik Newman,CLE,23,1,0,1,3.7,2.0,0.0,2.0,0.0,0.0,1.0,0.0,2.0,2.0,100.0,0.0,0.0,0.0,0.0,1.0,0.0,0.0,0.0,1.0,0,0,-3.0
Zach Norvell Jr.,GSW,22,5,2,3,8.2,2.0,0.6,2.4,25.0,0.6,1.6,37.5,0.2,0.2,100.0,0.0,1.2,1.2,0.6,0.6,0.4,0.0,0.8,4.9,0,0,-5.4
Oshae Brissett,TOR,21,19,15,4,7.1,1.9,0.7,1.9,36.1,0.2,0.8,20.0,0.4,0.5,80.0,0.5,0.9,1.4,0.4,0.4,0.2,0.1,0.9,4.6,0,0,1.8
Ignas Brazdeikis,NYK,21,9,1,8,5.9,1.9,0.7,2.4,27.3,0.1,1.0,11.1,0.4,0.6,80.0,0.2,0.3,0.6,0.4,0.2,0.0,0.1,0.3,3.3,0,0,-1.3
Yuta Watanabe,MEM,25,16,8,8,6.2,1.9,0.8,1.8,41.4,0.2,0.5,37.5,0.2,0.5,37.5,0.4,0.7,1.1,0.3,0.1,0.3,0.1,0.6,4.5,0,0,0.3
Vincent Poirier,BOS,26,21,18,3,5.4,1.9,0.8,1.6,48.5,0.0,0.1,50.0,0.3,0.3,85.7,0.5,1.1,1.6,0.3,0.3,0.1,0.3,1.1,5.2,0,0,-0.6
Justin Patton,OKC,22,5,2,3,4.8,1.8,0.8,2.0,40.0,0.2,0.8,25.0,0.0,0.0,0.0,0.2,0.8,1.0,0.4,0.4,0.0,0.0,0.8,3.2,0,0,-3.2
Michael Frazier,HOU,26,8,5,3,8.2,1.8,0.5,1.4,36.4,0.3,1.0,25.0,0.5,0.8,66.7,0.1,0.3,0.4,0.1,0.3,0.3,0.0,1.6,2.9,0,0,-3.4
Tyler Cook,CLE,22,11,3,8,3.2,1.7,0.6,0.9,70.0,0.0,0.0,0.0,0.5,0.5,83.3,0.4,0.5,0.9,0.1,0.1,0.1,0.0,0.4,3.1,0,0,-1.3
Chasson Randle,GSW,27,3,2,1,13.5,1.7,0.0,1.3,0.0,0.0,0.7,0.0,1.7,2.0,83.3,0.0,0.7,0.7,1.7,0.0,0.7,0.0,1.0,7.0,0,0,-1.3
Dean Wade,CLE,23,12,1,11,6.0,1.7,0.8,1.1,69.2,0.2,0.3,50.0,0.0,0.1,0.0,0.3,1.3,1.6,0.2,0.3,0.2,0.3,0.7,5.1,0,0,-0.8
Udonis Haslem,MIA,39,3,3,0,6.9,1.7,0.3,2.0,16.7,0.0,0.7,0.0,1.0,1.3,75.0,0.0,2.7,2.7,0.3,0.0,0.0,0.0,1.0,5.4,0,0,-4.7
BJ Johnson,ORL,24,8,4,4,5.8,1.6,0.6,2.3,27.8,0.1,0.8,16.7,0.3,0.3,100.0,0.1,0.6,0.8,0.3,0.4,0.3,0.0,0.0,3.3,0,0,-2.9
Terance Mann,LAC,23,35,22,13,7.7,1.6,0.6,1.5,40.7,0.1,0.3,25.0,0.3,0.3,75.0,0.1,0.8,0.9,1.1,0.4,0.2,0.1,1.0,5.1,0,0,0.2
Donta Hall,DET,22,4,1,3,12.0,1.5,0.3,1.0,25.0,0.0,0.0,0.0,1.0,1.5,66.7,1.5,2.3,3.8,0.5,0.5,0.3,0.3,2.3,7.8,0,0,-6.8
Josh Magette,ORL,30,8,3,5,4.7,1.5,0.6,1.9,33.3,0.1,0.5,25.0,0.1,0.3,50.0,0.1,0.6,0.8,0.6,0.6,0.4,0.1,0.5,4.2,0,0,0.1
Marial Shayok,PHI,24,2,1,1,5.2,1.5,0.5,2.5,20.0,0.5,1.5,33.3,0.0,0.0,0.0,0.0,1.5,1.5,0.5,0.5,0.0,0.0,0.0,3.6,0,0,-5.0
Jared Dudley,LAL,34,40,29,11,7.8,1.5,0.5,1.3,40.0,0.4,0.9,47.1,0.1,0.1,100.0,0.1,1.0,1.1,0.5,0.2,0.3,0.1,0.9,4.4,0,0,0.2
Justin Robinson,WAS,22,9,2,7,5.4,1.4,0.6,1.3,41.7,0.3,0.6,60.0,0.0,0.0,0.0,0.1,0.4,0.6,0.8,0.3,0.0,0.1,0.2,3.3,0,0,3.4
Jonah Bolden,PHX,24,7,6,1,6.7,1.4,0.6,1.6,36.4,0.0,0.6,0.0,0.3,0.6,50.0,0.4,0.9,1.3,0.0,0.3,0.4,0.3,1.4,4.8,0,0,0.1
KZ Okpala,MIA,21,5,2,3,5.2,1.4,0.6,1.0,60.0,0.0,0.2,0.0,0.2,0.4,50.0,0.2,0.8,1.0,0.2,0.2,0.4,0.2,0.4,4.5,0,0,-3.0
Alize Johnson,IND,24,13,8,5,4.1,1.4,0.5,1.2,46.7,0.0,0.0,0.0,0.3,0.5,66.7,0.5,0.8,1.4,0.2,0.2,0.0,0.0,0.5,3.0,0,0,0.7
Rayjon Tucker,UTA,22,14,10,4,5.6,1.4,0.6,1.4,42.1,0.0,0.4,0.0,0.2,0.4,60.0,0.1,0.8,0.9,0.1,0.2,0.1,0.0,0.5,2.7,0,0,-0.5
Tariq Owens,PHX,24,3,0,3,5.1,1.3,0.3,1.7,20.0,0.0,0.7,0.0,0.7,0.7,100.0,0.7,0.3,1.0,0.0,0.0,0.3,0.0,0.3,3.5,0,0,-5.3
Zylan Cheatham,NOP,24,3,2,1,10.2,1.3,0.7,1.7,40.0,0.0,0.3,0.0,0.0,0.0,0.0,0.3,1.7,2.0,0.7,1.0,0.0,0.3,1.7,4.7,0,0,-10.0
Ed Davis,UTA,30,25,15,10,10.7,1.3,0.6,1.4,41.2,0.0,0.0,0.0,0.2,0.4,45.5,1.2,2.6,3.8,0.3,0.5,0.4,0.4,2.2,8.1,0,0,-3.5
Tyson Chandler,HOU,37,26,15,11,8.4,1.3,0.5,0.7,77.8,0.0,0.0,0.0,0.2,0.5,46.2,1.0,1.6,2.5,0.2,0.3,0.2,0.3,1.2,6.0,0,0,1.2
Moses Brown,POR,20,9,4,5,3.6,1.2,0.4,1.1,40.0,0.0,0.0,0.0,0.3,0.9,37.5,0.3,1.2,1.6,0.1,0.3,0.1,0.1,0.8,3.6,0,0,-3.7
Vlatko Cancar,DEN,23,14,7,7,3.2,1.2,0.4,1.1,40.0,0.1,0.4,16.7,0.3,0.3,100.0,0.4,0.4,0.7,0.2,0.2,0.1,0.1,0.5,2.6,0,0,-0.6
Jordan Bone,DET,22,10,3,7,5.3,1.2,0.5,2.0,25.0,0.2,1.0,20.0,0.0,0.0,0.0,0.0,0.4,0.4,0.8,0.2,0.1,0.0,0.6,3.0,0,0,0.0
Melvin Frazier Jr.,ORL,23,15,4,11,3.4,1.2,0.4,1.1,35.3,0.3,0.5,57.1,0.1,0.3,50.0,0.1,0.2,0.3,0.1,0.2,0.3,0.1,0.5,2.6,0,0,0.1
Juwan Morgan,UTA,23,16,10,6,4.6,1.2,0.6,1.1,52.9,0.1,0.3,20.0,0.0,0.0,0.0,0.3,0.9,1.2,0.1,0.2,0.0,0.1,0.4,2.8,0,0,1.2
DaQuan Jeffries,SAC,22,6,1,5,3.2,1.2,0.5,1.2,42.9,0.2,0.7,25.0,0.0,0.0,0.0,0.2,0.0,0.2,0.2,0.0,0.2,0.0,0.5,2.1,0,0,0.2
Stanley Johnson,TOR,23,20,15,5,4.8,1.2,0.4,1.6,25.8,0.1,0.7,15.4,0.3,0.3,83.3,0.2,1.0,1.1,0.4,0.4,0.2,0.1,0.5,3.6,0,0,-0.6
Zhaire Smith,PHI,20,7,3,4,4.6,1.1,0.4,1.6,27.3,0.0,0.4,0.0,0.3,0.6,50.0,0.0,0.3,0.3,0.3,0.3,0.4,0.0,0.6,2.9,0,0,-1.4
Jarred Vanderbilt,MIN,21,11,6,5,4.2,1.1,0.5,0.7,62.5,0.0,0.1,0.0,0.2,0.2,100.0,0.3,0.5,0.8,0.2,0.6,0.3,0.1,0.5,2.8,0,0,-2.5
Devon Hall,OKC,24,5,3,2,3.9,1.0,0.2,1.0,20.0,0.0,0.4,0.0,0.6,0.8,75.0,0.0,0.2,0.2,0.6,0.2,0.0,0.0,0.2,1.9,0,0,4.0
Dewan Hernandez,TOR,23,4,4,0,2.8,1.0,0.3,1.3,20.0,0.0,0.3,0.0,0.5,0.5,100.0,0.5,1.3,1.8,0.0,0.3,0.3,0.0,1.5,3.6,0,0,0.3
Jarrod Uthoff,MEM,26,4,3,1,3.4,1.0,0.3,1.8,14.3,0.0,1.0,0.0,0.5,0.5,100.0,0.3,0.0,0.3,0.0,0.0,0.3,0.0,0.3,2.1,0,0,2.3
Josh Gray,NOP,26,2,1,1,11.4,1.0,0.5,1.0,50.0,0.0,0.0,0.0,0.0,0.0,0.0,0.5,0.5,1.0,1.0,2.5,0.0,0.0,0.5,1.2,0,0,-3.5
Justin Anderson,BKN,26,3,2,1,5.6,1.0,0.3,2.0,16.7,0.0,1.0,0.0,0.3,0.7,50.0,0.0,0.7,0.7,0.0,0.0,0.0,0.3,0.7,2.8,0,0,-2.7
Kyle Guy,SAC,22,2,1,1,2.0,1.0,0.5,1.0,50.0,0.0,0.5,0.0,0.0,0.0,0.0,0.0,0.0,0.0,0.0,0.0,0.0,0.0,0.0,1.0,0,0,-1.5
Malcolm Miller,TOR,27,25,21,4,5.0,0.9,0.3,1.0,33.3,0.2,0.8,31.6,0.0,0.2,16.7,0.0,0.5,0.6,0.3,0.1,0.2,0.1,0.5,2.7,0,0,2.1
Amile Jefferson,ORL,26,18,5,13,4.1,0.8,0.3,0.8,35.7,0.0,0.0,0.0,0.3,0.8,35.7,0.6,0.7,1.3,0.2,0.2,0.1,0.2,0.4,3.2,0,0,1.0
Antonius Cleveland,DAL,26,6,4,2,3.7,0.8,0.3,1.0,33.3,0.0,0.2,0.0,0.2,0.3,50.0,0.0,0.5,0.5,0.0,0.2,0.2,0.2,0.3,2.3,0,0,-1.8
Brian Bowen II,IND,21,5,4,1,5.8,0.8,0.4,1.8,22.2,0.0,0.4,0.0,0.0,0.0,0.0,0.2,1.2,1.4,0.0,0.2,0.0,0.2,0.4,2.9,0,0,2.6
Daryl Macon,MIA,24,4,4,0,3.5,0.8,0.3,0.8,33.3,0.3,0.5,50.0,0.0,0.0,0.0,0.0,0.0,0.0,0.3,0.5,0.0,0.0,0.3,0.6,0,0,0.0
Jared Harper,PHX,22,3,1,2,2.6,0.7,0.3,1.3,25.0,0.0,0.7,0.0,0.0,0.0,0.0,0.0,0.0,0.0,0.0,0.0,0.0,0.0,0.0,0.7,0,0,-3.7
Jeremiah Martin,BKN,23,3,3,0,5.3,0.7,0.3,1.7,20.0,0.0,0.3,0.0,0.0,0.0,0.0,0.0,0.7,0.7,0.7,0.0,0.3,0.3,0.0,4.5,0,0,0.7
Joe Chealey,CHA,24,4,1,3,8.4,0.5,0.0,1.8,0.0,0.0,1.0,0.0,0.5,0.5,100.0,0.0,0.0,0.0,0.3,0.5,1.0,0.0,0.5,3.4,0,0,-4.5
Matt Mooney,CLE,23,4,0,4,4.7,0.5,0.3,1.0,25.0,0.0,0.5,0.0,0.0,0.0,0.0,0.0,0.8,0.8,0.3,0.0,0.5,0.3,0.3,4.0,0,0,1.8
Nigel Williams-Goss,UTA,25,9,5,4,3.1,0.4,0.1,0.8,14.3,0.0,0.2,0.0,0.2,0.2,100.0,0.2,0.3,0.6,0.6,0.2,0.1,0.1,0.2,2.4,0,0,0.8
Henry Ellenson,BKN,23,5,2,3,3.0,0.4,0.2,1.4,14.3,0.0,0.8,0.0,0.0,0.0,0.0,0.4,0.8,1.2,0.2,0.0,0.0,0.0,0.2,2.1,0,0,2.4
Kevin Hervey,OKC,23,7,3,4,2.8,0.3,0.1,1.6,9.1,0.0,1.1,0.0,0.0,0.0,0.0,0.0,0.3,0.3,0.1,0.0,0.0,0.0,0.1,0.8,0,0,-0.9
Paul Watson,TOR,25,5,3,2,5.2,0.2,0.0,1.6,0.0,0.0,0.8,0.0,0.2,0.4,50.0,0.0,0.8,0.8,1.0,0.0,0.2,0.2,0.2,3.9,0,0,2.2
Isaiah Roby,OKC,22,3,2,1,3.8,0.0,0.0,0.3,0.0,0.0,0.0,0.0,0.0,0.0,0.0,0.0,0.7,0.7,0.0,0.3,0.0,0.0,0.3,0.5,0,0,-1.3
J.P. Macura,CLE,24,1,1,0,0.6,0.0,0.0,0.0,0.0,0.0,0.0,0.0,0.0,0.0,0.0,0.0,0.0,0.0,0.0,0.0,0.0,0.0,0.0,0.0,0,0,3.0
Jarrell Brantley,UTA,23,5,2,3,2.7,0.0,0.0,0.0,0.0,0.0,0.0,0.0,0.0,0.0,0.0,0.0,1.0,1.0,0.2,0.4,0.0,0.4,0.4,2.3,0,0,0.0
Josh Reaves,DAL,22,2,1,1,0.7,0.0,0.0,0.5,0.0,0.0,0.0,0.0,0.0,0.0,0.0,0.0,0.0,0.0,0.0,0.0,0.0,0.0,0.0,0.0,0,0,-2.5
Justin Wright-Foreman,UTA,22,1,0,1,1.5,0.0,0.0,0.0,0.0,0.0,0.0,0.0,0.0,0.0,0.0,0.0,0.0,0.0,0.0,0.0,0.0,0.0,0.0,0.0,0,0,2.0
Kostas Antetokounmpo,LAL,22,3,3,0,1.7,0.0,0.0,0.0,0.0,0.0,0.0,0.0,0.0,0.0,0.0,0.0,0.3,0.3,0.3,0.0,0.0,0.0,0.0,0.9,0,0,-0.7
Luka Samanic,SAS,20,1,0,1,12.0,0.0,0.0,4.0,0.0,0.0,2.0,0.0,0.0,0.0,0.0,0.0,2.0,2.0,3.0,0.0,0.0,0.0,0.0,6.9,0,0,6.0
Marques Bolden,CLE,22,1,0,1,2.8,0.0,0.0,0.0,0.0,0.0,0.0,0.0,0.0,0.0,0.0,0.0,2.0,2.0,0.0,0.0,1.0,0.0,1.0,5.4,0,0,4.0
Miye Oni,UTA,22,5,4,1,2.1,0.0,0.0,0.4,0.0,0.0,0.2,0.0,0.0,0.0,0.0,0.0,0.4,0.4,0.0,0.2,0.0,0.0,0.0,0.3,0,0,-3.4
Quinndary Weatherspoon,SAS,23,3,0,3,5.0,0.0,0.0,1.0,0.0,0.0,0.3,0.0,0.0,0.0,0.0,0.0,0.3,0.3,0.3,0.0,0.0,0.0,0.0,0.9,0,0,1.3
Stanton Kidd,UTA,28,4,3,1,3.8,0.0,0.0,0.8,0.0,0.0,0.3,0.0,0.0,0.0,0.0,0.0,0.8,0.8,0.3,0.5,0.0,0.0,0.8,0.8,0,0,-0.3
Talen Horton-Tucker,LAL,19,2,1,1,2.7,0.0,0.0,0.5,0.0,0.0,0.5,0.0,0.0,0.0,0.0,0.0,0.0,0.0,1.0,0.0,0.5,0.0,0.0,3.0,0,0,-3.5
Vic Law,ORL,24,5,1,4,1.9,0.0,0.0,0.6,0.0,0.0,0.2,0.0,0.0,0.4,0.0,0.0,0.2,0.2,0.0,0.0,0.0,0.0,0.0,0.2,0,0,-0.4
William Howard,HOU,26,2,1,1,6.6,0.0,0.0,2.0,0.0,0.0,2.0,0.0,0.0,0.0,0.0,0.0,1.0,1.0,0.5,0.5,0.0,0.0,0.5,1.5,0,0,-8.0
